Bowler,Matches,Innings,Overs,RunsGiven,Wickets,Economy,StrikeRate,Average,5W,3W,MaidenOvers,DotBalls,Extras,UniqueOpponents,OpponentsList
YS Chahal,159,159,588.3,4602,205,7.82,17.22,22.45,1,20,4,1246,124,16,Chennai Super Kings|Delhi Capitals|Delhi Daredevils|Gujarat Lions|Gujarat Titans|Kings XI Punjab|Kolkata Knight Riders|Lucknow Super Giants|Mumbai Indians|Punjab Kings|Rajasthan Royals|Rising Pune Supergiant|Rising Pune Supergiants|Royal Challengers Bangalore|Royal Challengers Bengaluru|Sunrisers Hyderabad
PP Chawla,191,191,642.0,5108,192,7.96,20.06,26.6,0,15,2,1358,81,18,Chennai Super Kings|Deccan Chargers|Delhi Capitals|Delhi Daredevils|Gujarat Lions|Gujarat Titans|Kings XI Punjab|Kochi Tuskers Kerala|Kolkata Knight Riders|Lucknow Super Giants|Mumbai Indians|Pune Warriors|Punjab Kings|Rajasthan Royals|Rising Pune Supergiant|Rising Pune Supergiants|Royal Challengers Bangalore|Sunrisers Hyderabad
DJ Bravo,158,158,521.5,4360,183,8.36,17.1,23.83,0,16,3,1054,182,16,Chennai Super Kings|Deccan Chargers|Delhi Capitals|Delhi Daredevils|Gujarat Titans|Kings XI Punjab|Kochi Tuskers Kerala|Kolkata Knight Riders|Lucknow Super Giants|Mumbai Indians|Pune Warriors|Punjab Kings|Rajasthan Royals|Rising Pune Supergiants|Royal Challengers Bangalore|Sunrisers Hyderabad
B Kumar,176,176,653.7,4929,181,7.54,21.67,27.23,2,15,14,1729,185,17,Chennai Super Kings|Deccan Chargers|Delhi Capitals|Delhi Daredevils|Gujarat Lions|Gujarat Titans|Kings XI Punjab|Kolkata Knight Riders|Lucknow Super Giants|Mumbai Indians|Punjab Kings|Rajasthan Royals|Rising Pune Supergiant|Rising Pune Supergiants|Royal Challengers Bangalore|Royal Challengers Bengaluru|Sunrisers Hyderabad
SP Narine,175,176,680.8,4582,180,6.73,22.69,25.46,1,15,3,1631,90,17,Chennai Super Kings|Deccan Chargers|Delhi Capitals|Delhi Daredevils|Gujarat Lions|Gujarat Titans|Kings XI Punjab|Lucknow Super Giants|Mumbai Indians|Pune Warriors|Punjab Kings|Rajasthan Royals|Rising Pune Supergiant|Rising Pune Supergiants|Royal Challengers Bangalore|Royal Challengers Bengaluru|Sunrisers Hyderabad
R Ashwin,208,208,754.7,5369,180,7.11,25.16,29.83,0,9,4,1606,191,17,Chennai Super Kings|Deccan Chargers|Delhi Capitals|Delhi Daredevils|Gujarat Lions|Gujarat Titans|Kings XI Punjab|Kochi Tuskers Kerala|Kolkata Knight Riders|Lucknow Super Giants|Mumbai Indians|Pune Warriors|Punjab Kings|Rajasthan Royals|Royal Challengers Bangalore|Royal Challengers Bengaluru|Sunrisers Hyderabad
A Mishra,162,162,565.3,4145,174,7.33,19.49,23.82,1,17,6,1220,80,16,Chennai Super Kings|Deccan Chargers|Delhi Daredevils|Gujarat Lions|Gujarat Titans|Kings XI Punjab|Kochi Tuskers Kerala|Kolkata Knight Riders|Mumbai Indians|Pune Warriors|Punjab Kings|Rajasthan Royals|Rising Pune Supergiant|Rising Pune Supergiants|Royal Challengers Bangalore|Sunrisers Hyderabad
SL Malinga,122,122,474.3,3364,170,7.09,16.74,19.79,1,19,8,1218,170,13,Chennai Super Kings|Deccan Chargers|Delhi Capitals|Delhi Daredevils|Gujarat Lions|Kings XI Punjab|Kochi Tuskers Kerala|Kolkata Knight Riders|Pune Warriors|Rajasthan Royals|Rising Pune Supergiant|Royal Challengers Bangalore|Sunrisers Hyderabad
JJ Bumrah,133,137,518.0,3743,168,7.23,18.5,22.28,2,23,8,1300,130,15,Chennai Super Kings|Delhi Capitals|Delhi Daredevils|Gujarat Lions|Gujarat Titans|Kings XI Punjab|Kolkata Knight Riders|Lucknow Super Giants|Punjab Kings|Rajasthan Royals|Rising Pune Supergiant|Rising Pune Supergiants|Royal Challengers Bangalore|Royal Challengers Bengaluru|Sunrisers Hyderabad
RA Jadeja,211,211,639.0,4864,160,7.61,23.96,30.4,1,17,2,1261,87,17,Chennai Super Kings|Deccan Chargers|Delhi Capitals|Delhi Daredevils|Gujarat Titans|Kings XI Punjab|Kolkata Knight Riders|Lucknow Super Giants|Mumbai Indians|Pune Warriors|Punjab Kings|Rajasthan Royals|Rising Pune Supergiant|Rising Pune Supergiants|Royal Challengers Bangalore|Royal Challengers Bengaluru|Sunrisers Hyderabad
Harbhajan Singh,160,160,570.0,4030,150,7.07,22.8,26.87,1,11,6,1312,102,15,Chennai Super Kings|Deccan Chargers|Delhi Capitals|Delhi Daredevils|Gujarat Lions|Kings XI Punjab|Kochi Tuskers Kerala|Kolkata Knight Riders|Mumbai Indians|Pune Warriors|Rajasthan Royals|Rising Pune Supergiant|Rising Pune Supergiants|Royal Challengers Bangalore|Sunrisers Hyderabad
Rashid Khan,121,124,478.7,3267,149,6.83,19.28,21.93,0,16,4,1112,45,14,Chennai Super Kings|Delhi Capitals|Delhi Daredevils|Gujarat Lions|Kings XI Punjab|Kolkata Knight Riders|Lucknow Super Giants|Mumbai Indians|Punjab Kings|Rajasthan Royals|Rising Pune Supergiant|Royal Challengers Bangalore|Royal Challengers Bengaluru|Sunrisers Hyderabad
UT Yadav,147,148,513.3,4331,144,8.44,21.39,30.08,0,16,5,1262,146,18,Chennai Super Kings|Deccan Chargers|Delhi Capitals|Delhi Daredevils|Gujarat Lions|Gujarat Titans|Kings XI Punjab|Kochi Tuskers Kerala|Kolkata Knight Riders|Lucknow Super Giants|Mumbai Indians|Pune Warriors|Punjab Kings|Rajasthan Royals|Rising Pune Supergiant|Rising Pune Supergiants|Royal Challengers Bangalore|Sunrisers Hyderabad
Sandeep Sharma,126,126,472.3,3709,137,7.85,20.69,27.07,1,12,8,1157,104,16,Chennai Super Kings|Delhi Capitals|Delhi Daredevils|Gujarat Lions|Gujarat Titans|Kings XI Punjab|Kolkata Knight Riders|Lucknow Super Giants|Mumbai Indians|Punjab Kings|Rajasthan Royals|Rising Pune Supergiant|Rising Pune Supergiants|Royal Challengers Bangalore|Royal Challengers Bengaluru|Sunrisers Hyderabad
HV Patel,103,103,363.0,3148,135,8.67,16.13,23.32,1,15,2,757,145,16,Chennai Super Kings|Deccan Chargers|Delhi Capitals|Delhi Daredevils|Gujarat Titans|Kings XI Punjab|Kolkata Knight Riders|Lucknow Super Giants|Mumbai Indians|Pune Warriors|Punjab Kings|Rajasthan Royals|Rising Pune Supergiants|Royal Challengers Bangalore|Royal Challengers Bengaluru|Sunrisers Hyderabad
MM Sharma,111,111,376.7,3256,132,8.64,17.12,24.67,1,16,0,803,56,16,Chennai Super Kings|Delhi Capitals|Delhi Daredevils|Gujarat Lions|Kings XI Punjab|Kolkata Knight Riders|Lucknow Super Giants|Mumbai Indians|Pune Warriors|Punjab Kings|Rajasthan Royals|Rising Pune Supergiant|Rising Pune Supergiants|Royal Challengers Bangalore|Royal Challengers Bengaluru|Sunrisers Hyderabad
Mohammed Shami,110,112,407.0,3419,127,8.4,19.23,26.92,0,13,3,1037,133,13,Chennai Super Kings|Delhi Capitals|Gujarat Lions|Kings XI Punjab|Kolkata Knight Riders|Lucknow Super Giants|Mumbai Indians|Punjab Kings|Rajasthan Royals|Rising Pune Supergiant|Rising Pune Supergiants|Royal Challengers Bangalore|Sunrisers Hyderabad
AR Patel,148,149,517.5,3764,123,7.27,25.24,30.6,0,4,2,1067,57,15,Chennai Super Kings|Delhi Daredevils|Gujarat Lions|Gujarat Titans|Kings XI Punjab|Kolkata Knight Riders|Lucknow Super Giants|Mumbai Indians|Punjab Kings|Rajasthan Royals|Rising Pune Supergiant|Rising Pune Supergiants|Royal Challengers Bangalore|Royal Challengers Bengaluru|Sunrisers Hyderabad
TA Boult,103,104,390.5,3245,121,8.31,19.36,26.82,0,9,11,1020,108,13,Chennai Super Kings|Delhi Capitals|Gujarat Lions|Gujarat Titans|Kings XI Punjab|Kolkata Knight Riders|Lucknow Super Giants|Mumbai Indians|Punjab Kings|Rajasthan Royals|Royal Challengers Bangalore|Royal Challengers Bengaluru|Sunrisers Hyderabad
K Rabada,80,82,306.7,2577,120,8.4,15.33,21.48,0,11,2,758,91,13,Chennai Super Kings|Delhi Capitals|Gujarat Lions|Gujarat Titans|Kings XI Punjab|Kolkata Knight Riders|Lucknow Super Giants|Mumbai Indians|Punjab Kings|Rajasthan Royals|Royal Challengers Bangalore|Royal Challengers Bengaluru|Sunrisers Hyderabad
AD Russell,112,112,284.5,2646,115,9.3,14.84,23.01,1,13,0,616,85,16,Chennai Super Kings|Deccan Chargers|Delhi Capitals|Delhi Daredevils|Gujarat Lions|Gujarat Titans|Kings XI Punjab|Kolkata Knight Riders|Lucknow Super Giants|Mumbai Indians|Punjab Kings|Rajasthan Royals|Rising Pune Supergiants|Royal Challengers Bangalore|Royal Challengers Bengaluru|Sunrisers Hyderabad
A Nehra,88,88,319.5,2495,106,7.81,18.08,23.54,0,14,2,828,73,13,Chennai Super Kings|Deccan Chargers|Delhi Daredevils|Gujarat Lions|Kings XI Punjab|Kolkata Knight Riders|Mumbai Indians|Pune Warriors|Rajasthan Royals|Rising Pune Supergiant|Rising Pune Supergiants|Royal Challengers Bangalore|Sunrisers Hyderabad
R Vinay Kumar,104,105,356.3,2986,105,8.38,20.36,28.44,0,10,1,801,61,12,Chennai Super Kings|Deccan Chargers|Delhi Daredevils|Gujarat Lions|Kings XI Punjab|Kolkata Knight Riders|Mumbai Indians|Pune Warriors|Rajasthan Royals|Rising Pune Supergiants|Royal Challengers Bangalore|Sunrisers Hyderabad
Z Khan,99,99,367.0,2782,102,7.58,21.59,27.27,0,9,5,929,91,14,Chennai Super Kings|Deccan Chargers|Delhi Daredevils|Gujarat Lions|Kings XI Punjab|Kochi Tuskers Kerala|Kolkata Knight Riders|Mumbai Indians|Pune Warriors|Rajasthan Royals|Rising Pune Supergiant|Rising Pune Supergiants|Royal Challengers Bangalore|Sunrisers Hyderabad
JD Unadkat,104,104,355.3,3189,99,8.97,21.54,32.21,2,8,3,707,70,17,Chennai Super Kings|Deccan Chargers|Delhi Capitals|Delhi Daredevils|Gujarat Lions|Gujarat Titans|Kings XI Punjab|Kochi Tuskers Kerala|Kolkata Knight Riders|Lucknow Super Giants|Mumbai Indians|Pune Warriors|Punjab Kings|Rajasthan Royals|Royal Challengers Bangalore|Royal Challengers Bengaluru|Sunrisers Hyderabad
DW Steyn,95,96,364.8,2523,97,6.92,22.57,26.01,0,8,7,1064,117,11,Chennai Super Kings|Deccan Chargers|Delhi Daredevils|Kings XI Punjab|Kochi Tuskers Kerala|Kolkata Knight Riders|Mumbai Indians|Pune Warriors|Rajasthan Royals|Royal Challengers Bangalore|Sunrisers Hyderabad
CH Morris,81,82,288.5,2309,96,8.0,18.03,24.05,0,12,1,708,89,14,Chennai Super Kings|Delhi Capitals|Delhi Daredevils|Gujarat Lions|Kings XI Punjab|Kolkata Knight Riders|Mumbai Indians|Pune Warriors|Punjab Kings|Rajasthan Royals|Rising Pune Supergiant|Rising Pune Supergiants|Royal Challengers Bangalore|Sunrisers Hyderabad
SN Thakur,92,92,312.7,2869,94,9.18,19.96,30.52,0,7,3,669,122,14,Chennai Super Kings|Delhi Capitals|Delhi Daredevils|Gujarat Lions|Gujarat Titans|Kings XI Punjab|Kolkata Knight Riders|Lucknow Super Giants|Mumbai Indians|Punjab Kings|Rajasthan Royals|Royal Challengers Bangalore|Royal Challengers Bengaluru|Sunrisers Hyderabad
Mohammed Siraj,93,93,327.7,2822,93,8.61,21.14,30.34,0,7,4,853,146,13,Chennai Super Kings|Delhi Capitals|Delhi Daredevils|Gujarat Lions|Gujarat Titans|Kings XI Punjab|Kolkata Knight Riders|Lucknow Super Giants|Mumbai Indians|Punjab Kings|Rajasthan Royals|Rising Pune Supergiant|Sunrisers Hyderabad
I Sharma,110,110,388.7,3172,92,8.16,25.35,34.48,1,4,6,1035,152,17,Chennai Super Kings|Deccan Chargers|Delhi Daredevils|Gujarat Lions|Gujarat Titans|Kings XI Punjab|Kochi Tuskers Kerala|Kolkata Knight Riders|Lucknow Super Giants|Mumbai Indians|Pune Warriors|Punjab Kings|Rajasthan Royals|Rising Pune Supergiant|Royal Challengers Bangalore|Royal Challengers Bengaluru|Sunrisers Hyderabad
SR Watson,105,105,340.3,2682,92,7.88,22.2,29.15,0,8,3,850,111,14,Chennai Super Kings|Deccan Chargers|Delhi Daredevils|Gujarat Lions|Kings XI Punjab|Kochi Tuskers Kerala|Kolkata Knight Riders|Mumbai Indians|Pune Warriors|Rajasthan Royals|Rising Pune Supergiant|Rising Pune Supergiants|Royal Challengers Bangalore|Sunrisers Hyderabad
RP Singh,82,82,298.0,2338,90,7.85,19.87,25.98,0,11,2,790,102,11,Chennai Super Kings|Deccan Chargers|Delhi Daredevils|Gujarat Lions|Kings XI Punjab|Kolkata Knight Riders|Mumbai Indians|Pune Warriors|Rajasthan Royals|Royal Challengers Bangalore|Sunrisers Hyderabad
P Kumar,119,119,420.8,3251,90,7.73,28.06,36.12,0,3,14,1147,145,12,Chennai Super Kings|Deccan Chargers|Delhi Daredevils|Kings XI Punjab|Kolkata Knight Riders|Mumbai Indians|Pune Warriors|Rajasthan Royals|Rising Pune Supergiant|Rising Pune Supergiants|Royal Challengers Bangalore|Sunrisers Hyderabad
PP Ojha,90,90,316.8,2332,89,7.36,21.36,26.2,0,5,1,708,71,10,Chennai Super Kings|Deccan Chargers|Delhi Daredevils|Kings XI Punjab|Kolkata Knight Riders|Mumbai Indians|Pune Warriors|Rajasthan Royals|Royal Challengers Bangalore|Sunrisers Hyderabad
Kuldeep Yadav,82,82,291.3,2388,87,8.2,20.09,27.45,0,8,1,539,49,15,Chennai Super Kings|Delhi Capitals|Delhi Daredevils|Gujarat Lions|Gujarat Titans|Kings XI Punjab|Kolkata Knight Riders|Lucknow Super Giants|Mumbai Indians|Punjab Kings|Rajasthan Royals|Rising Pune Supergiant|Royal Challengers Bangalore|Royal Challengers Bengaluru|Sunrisers Hyderabad
DS Kulkarni,92,92,299.0,2474,86,8.27,20.86,28.77,0,7,8,765,110,12,Chennai Super Kings|Deccan Chargers|Delhi Capitals|Delhi Daredevils|Kings XI Punjab|Kolkata Knight Riders|Mumbai Indians|Pune Warriors|Rajasthan Royals|Rising Pune Supergiants|Royal Challengers Bangalore|Sunrisers Hyderabad
JA Morkel,87,87,289.3,2359,85,8.15,20.42,27.75,0,5,3,683,103,12,Chennai Super Kings|Deccan Chargers|Delhi Daredevils|Gujarat Lions|Kings XI Punjab|Kochi Tuskers Kerala|Kolkata Knight Riders|Mumbai Indians|Pune Warriors|Rajasthan Royals|Royal Challengers Bangalore|Sunrisers Hyderabad
CV Varun,70,70,266.0,2000,83,7.52,19.23,24.1,1,8,1,607,39,12,Chennai Super Kings|Delhi Capitals|Gujarat Titans|Kings XI Punjab|Kolkata Knight Riders|Lucknow Super Giants|Mumbai Indians|Punjab Kings|Rajasthan Royals|Royal Challengers Bangalore|Royal Challengers Bengaluru|Sunrisers Hyderabad
Imran Tahir,59,59,219.5,1703,82,7.76,16.06,20.77,0,12,1,451,39,11,Chennai Super Kings|Delhi Capitals|Delhi Daredevils|Gujarat Lions|Kings XI Punjab|Kolkata Knight Riders|Mumbai Indians|Rajasthan Royals|Rising Pune Supergiants|Royal Challengers Bangalore|Sunrisers Hyderabad
IK Pathan,101,101,340.7,2649,80,7.78,25.55,33.11,0,4,10,885,80,11,Chennai Super Kings|Deccan Chargers|Delhi Daredevils|Kings XI Punjab|Kochi Tuskers Kerala|Kolkata Knight Riders|Mumbai Indians|Pune Warriors|Rajasthan Royals|Royal Challengers Bangalore|Sunrisers Hyderabad
DL Chahar,81,81,279.0,2221,77,7.96,21.74,28.84,0,7,6,726,77,12,Delhi Capitals|Delhi Daredevils|Gujarat Titans|Kings XI Punjab|Kolkata Knight Riders|Lucknow Super Giants|Mumbai Indians|Punjab Kings|Rajasthan Royals|Royal Challengers Bangalore|Royal Challengers Bengaluru|Sunrisers Hyderabad
M Morkel,70,70,273.7,2089,77,7.63,21.32,27.13,0,6,3,738,84,13,Chennai Super Kings|Deccan Chargers|Delhi Daredevils|Gujarat Lions|Kings XI Punjab|Kochi Tuskers Kerala|Kolkata Knight Riders|Mumbai Indians|Pune Warriors|Rajasthan Royals|Rising Pune Supergiants|Royal Challengers Bangalore|Sunrisers Hyderabad
KV Sharma,82,82,249.2,2087,76,8.38,19.67,27.46,0,4,1,512,25,14,Chennai Super Kings|Delhi Capitals|Delhi Daredevils|Gujarat Titans|Kings XI Punjab|Kolkata Knight Riders|Lucknow Super Giants|Mumbai Indians|Pune Warriors|Punjab Kings|Rajasthan Royals|Rising Pune Supergiant|Royal Challengers Bangalore|Sunrisers Hyderabad
Arshdeep Singh,65,65,228.2,2052,76,8.99,18.01,27.0,1,8,1,502,94,10,Chennai Super Kings|Delhi Capitals|Gujarat Titans|Kolkata Knight Riders|Lucknow Super Giants|Mumbai Indians|Rajasthan Royals|Royal Challengers Bangalore|Royal Challengers Bengaluru|Sunrisers Hyderabad
KH Pandya,117,117,354.2,2606,76,7.36,27.96,34.29,0,7,1,705,83,15,Chennai Super Kings|Delhi Capitals|Delhi Daredevils|Gujarat Lions|Gujarat Titans|Kings XI Punjab|Kolkata Knight Riders|Mumbai Indians|Punjab Kings|Rajasthan Royals|Rising Pune Supergiant|Rising Pune Supergiants|Royal Challengers Bangalore|Royal Challengers Bengaluru|Sunrisers Hyderabad
L Balaji,73,73,252.7,2028,76,8.03,19.95,26.68,1,7,2,582,76,11,Chennai Super Kings|Deccan Chargers|Delhi Daredevils|Kings XI Punjab|Kochi Tuskers Kerala|Kolkata Knight Riders|Mumbai Indians|Pune Warriors|Rajasthan Royals|Royal Challengers Bangalore|Sunrisers Hyderabad
RD Chahar,77,77,277.5,2141,75,7.72,22.2,28.55,0,6,1,590,39,13,Chennai Super Kings|Delhi Capitals|Gujarat Lions|Gujarat Titans|Kings XI Punjab|Kolkata Knight Riders|Lucknow Super Giants|Mumbai Indians|Punjab Kings|Rajasthan Royals|Royal Challengers Bangalore|Royal Challengers Bengaluru|Sunrisers Hyderabad
MM Patel,63,63,227.7,1698,74,7.46,18.46,22.95,1,7,5,612,28,11,Chennai Super Kings|Deccan Chargers|Delhi Daredevils|Kings XI Punjab|Kochi Tuskers Kerala|Kolkata Knight Riders|Mumbai Indians|Pune Warriors|Rajasthan Royals|Royal Challengers Bangalore|Sunrisers Hyderabad
Avesh Khan,62,62,223.2,1974,74,8.85,18.09,26.68,0,10,1,514,65,13,Chennai Super Kings|Delhi Capitals|Delhi Daredevils|Gujarat Titans|Kings XI Punjab|Kolkata Knight Riders|Lucknow Super Giants|Mumbai Indians|Punjab Kings|Rajasthan Royals|Royal Challengers Bangalore|Royal Challengers Bengaluru|Sunrisers Hyderabad
KK Ahmed,57,57,213.5,1881,74,8.81,17.31,25.42,0,8,4,541,73,12,Chennai Super Kings|Delhi Capitals|Gujarat Titans|Kings XI Punjab|Kolkata Knight Riders|Lucknow Super Giants|Mumbai Indians|Punjab Kings|Rajasthan Royals|Royal Challengers Bangalore|Royal Challengers Bengaluru|Sunrisers Hyderabad
MJ McClenaghan,56,56,213.8,1803,71,8.43,18.07,25.39,0,8,1,534,77,11,Chennai Super Kings|Delhi Capitals|Delhi Daredevils|Gujarat Lions|Kings XI Punjab|Kolkata Knight Riders|Rajasthan Royals|Rising Pune Supergiant|Rising Pune Supergiants|Royal Challengers Bangalore|Sunrisers Hyderabad
R Bhatia,91,91,273.0,2020,71,7.4,23.07,28.45,0,4,1,467,34,12,Chennai Super Kings|Deccan Chargers|Delhi Daredevils|Gujarat Lions|Kings XI Punjab|Kochi Tuskers Kerala|Kolkata Knight Riders|Mumbai Indians|Pune Warriors|Rajasthan Royals|Royal Challengers Bangalore|Sunrisers Hyderabad
AB Dinda,75,75,255.0,2073,69,8.13,22.17,30.04,0,5,3,648,86,11,Chennai Super Kings|Deccan Chargers|Delhi Daredevils|Gujarat Lions|Kings XI Punjab|Kolkata Knight Riders|Mumbai Indians|Pune Warriors|Rajasthan Royals|Royal Challengers Bangalore|Sunrisers Hyderabad
KA Pollard,107,107,249.3,2180,69,8.74,21.68,31.59,0,3,0,422,103,15,Chennai Super Kings|Deccan Chargers|Delhi Capitals|Delhi Daredevils|Gujarat Titans|Kings XI Punjab|Kochi Tuskers Kerala|Kolkata Knight Riders|Lucknow Super Giants|Pune Warriors|Punjab Kings|Rajasthan Royals|Rising Pune Supergiant|Royal Challengers Bangalore|Sunrisers Hyderabad
T Natarajan,61,61,223.0,1969,67,8.83,19.97,29.39,0,4,2,444,69,14,Chennai Super Kings|Delhi Capitals|Delhi Daredevils|Gujarat Lions|Gujarat Titans|Kings XI Punjab|Kolkata Knight Riders|Lucknow Super Giants|Mumbai Indians|Punjab Kings|Rajasthan Royals|Rising Pune Supergiant|Royal Challengers Bangalore|Royal Challengers Bengaluru
SK Trivedi,75,75,252.5,1904,65,7.54,23.31,29.29,0,5,2,528,64,10,Chennai Super Kings|Deccan Chargers|Delhi Daredevils|Kings XI Punjab|Kochi Tuskers Kerala|Kolkata Knight Riders|Mumbai Indians|Pune Warriors|Royal Challengers Bangalore|Sunrisers Hyderabad
JH Kallis,89,89,291.8,2293,65,7.86,26.94,35.28,0,2,3,640,71,11,Chennai Super Kings|Deccan Chargers|Delhi Daredevils|Kings XI Punjab|Kochi Tuskers Kerala|Kolkata Knight Riders|Mumbai Indians|Pune Warriors|Rajasthan Royals|Royal Challengers Bangalore|Sunrisers Hyderabad
HH Pandya,93,93,237.2,2150,64,9.07,22.23,33.59,0,5,0,509,67,16,Chennai Super Kings|Delhi Capitals|Delhi Daredevils|Gujarat Lions|Gujarat Titans|Kings XI Punjab|Kolkata Knight Riders|Lucknow Super Giants|Mumbai Indians|Punjab Kings|Rajasthan Royals|Rising Pune Supergiant|Rising Pune Supergiants|Royal Challengers Bangalore|Royal Challengers Bengaluru|Sunrisers Hyderabad
M Muralitharan,66,67,255.0,1706,64,6.69,23.91,26.66,0,5,1,643,64,10,Chennai Super Kings|Deccan Chargers|Delhi Daredevils|Kings XI Punjab|Kolkata Knight Riders|Mumbai Indians|Pune Warriors|Rajasthan Royals|Royal Challengers Bangalore|Sunrisers Hyderabad
Ravi Bishnoi,65,65,236.0,1836,63,7.78,22.48,29.14,0,4,1,508,52,10,Chennai Super Kings|Delhi Capitals|Gujarat Titans|Kolkata Knight Riders|Mumbai Indians|Punjab Kings|Rajasthan Royals|Royal Challengers Bangalore|Royal Challengers Bengaluru|Sunrisers Hyderabad
Shakib Al Hasan,70,70,247.3,1839,63,7.44,23.56,29.19,0,2,1,523,37,13,Chennai Super Kings|Delhi Capitals|Delhi Daredevils|Gujarat Lions|Kings XI Punjab|Kochi Tuskers Kerala|Kolkata Knight Riders|Mumbai Indians|Pune Warriors|Rajasthan Royals|Rising Pune Supergiants|Royal Challengers Bangalore|Sunrisers Hyderabad
PJ Cummins,58,58,220.0,1923,63,8.74,20.95,30.52,0,5,2,497,71,14,Chennai Super Kings|Delhi Capitals|Gujarat Lions|Gujarat Titans|Kings XI Punjab|Kolkata Knight Riders|Lucknow Super Giants|Mumbai Indians|Punjab Kings|Rajasthan Royals|Rising Pune Supergiant|Royal Challengers Bangalore|Royal Challengers Bengaluru|Sunrisers Hyderabad
MG Johnson,54,55,207.3,1708,62,8.24,20.06,27.55,0,3,2,557,75,11,Chennai Super Kings|Delhi Daredevils|Gujarat Lions|Kings XI Punjab|Kolkata Knight Riders|Mumbai Indians|Pune Warriors|Rajasthan Royals|Rising Pune Supergiant|Royal Challengers Bangalore|Sunrisers Hyderabad
JP Faulkner,60,62,207.2,1799,61,8.68,20.38,29.49,2,6,4,440,55,11,Chennai Super Kings|Delhi Daredevils|Kings XI Punjab|Kolkata Knight Riders|Mumbai Indians|Pune Warriors|Rajasthan Royals|Rising Pune Supergiant|Rising Pune Supergiants|Royal Challengers Bangalore|Sunrisers Hyderabad
Mustafizur Rahman,57,57,217.7,1761,61,8.09,21.41,28.87,0,6,2,489,58,15,Chennai Super Kings|Delhi Capitals|Delhi Daredevils|Gujarat Lions|Gujarat Titans|Kings XI Punjab|Kolkata Knight Riders|Lucknow Super Giants|Mumbai Indians|Punjab Kings|Rajasthan Royals|Rising Pune Supergiants|Royal Challengers Bangalore|Royal Challengers Bengaluru|Sunrisers Hyderabad
A Nortje,46,46,177.0,1574,60,8.89,17.7,26.23,0,4,1,429,51,10,Chennai Super Kings|Gujarat Titans|Kings XI Punjab|Kolkata Knight Riders|Lucknow Super Giants|Mumbai Indians|Punjab Kings|Rajasthan Royals|Royal Challengers Bangalore|Sunrisers Hyderabad
SM Curran,58,58,198.0,1900,58,9.6,20.48,32.76,0,7,0,396,53,12,Chennai Super Kings|Delhi Capitals|Gujarat Titans|Kings XI Punjab|Kolkata Knight Riders|Lucknow Super Giants|Mumbai Indians|Punjab Kings|Rajasthan Royals|Royal Challengers Bangalore|Royal Challengers Bengaluru|Sunrisers Hyderabad
S Kaul,55,55,202.5,1739,58,8.59,20.95,29.98,0,4,3,410,33,14,Chennai Super Kings|Delhi Capitals|Delhi Daredevils|Gujarat Lions|Gujarat Titans|Kings XI Punjab|Kolkata Knight Riders|Mumbai Indians|Pune Warriors|Punjab Kings|Rajasthan Royals|Rising Pune Supergiant|Royal Challengers Bangalore|Sunrisers Hyderabad
SK Warne,54,54,199.0,1447,57,7.27,20.95,25.39,0,5,1,442,39,9,Chennai Super Kings|Deccan Chargers|Delhi Daredevils|Kings XI Punjab|Kochi Tuskers Kerala|Kolkata Knight Riders|Mumbai Indians|Pune Warriors|Royal Challengers Bangalore
JO Holder,46,46,166.3,1461,53,8.78,18.83,27.57,0,8,0,340,58,13,Chennai Super Kings|Delhi Capitals|Delhi Daredevils|Gujarat Lions|Gujarat Titans|Kings XI Punjab|Kolkata Knight Riders|Lucknow Super Giants|Mumbai Indians|Punjab Kings|Rajasthan Royals|Royal Challengers Bangalore|Sunrisers Hyderabad
S Gopal,51,51,165.3,1349,52,8.16,19.08,25.94,0,5,1,326,9,12,Chennai Super Kings|Delhi Capitals|Delhi Daredevils|Kings XI Punjab|Kolkata Knight Riders|Mumbai Indians|Punjab Kings|Rajasthan Royals|Rising Pune Supergiants|Royal Challengers Bangalore|Royal Challengers Bengaluru|Sunrisers Hyderabad
MA Starc,39,39,139.0,1137,51,8.18,16.35,22.29,0,7,1,361,67,10,Chennai Super Kings|Delhi Capitals|Delhi Daredevils|Kings XI Punjab|Kolkata Knight Riders|Lucknow Super Giants|Mumbai Indians|Rajasthan Royals|Royal Challengers Bengaluru|Sunrisers Hyderabad
M Prasidh Krishna,51,52,194.7,1712,50,8.79,23.36,34.24,0,5,3,494,93,11,Chennai Super Kings|Delhi Capitals|Gujarat Titans|Kings XI Punjab|Kolkata Knight Riders|Lucknow Super Giants|Mumbai Indians|Punjab Kings|Rajasthan Royals|Royal Challengers Bangalore|Sunrisers Hyderabad
JC Archer,40,40,158.8,1169,48,7.36,19.85,24.35,0,6,2,444,44,10,Chennai Super Kings|Delhi Capitals|Delhi Daredevils|Kings XI Punjab|Kolkata Knight Riders|Mumbai Indians|Punjab Kings|Rajasthan Royals|Royal Challengers Bangalore|Sunrisers Hyderabad
LH Ferguson,45,46,161.2,1428,48,8.86,20.15,29.75,0,4,1,374,52,12,Chennai Super Kings|Delhi Capitals|Gujarat Lions|Gujarat Titans|Kings XI Punjab|Kolkata Knight Riders|Lucknow Super Giants|Mumbai Indians|Punjab Kings|Rajasthan Royals|Royal Challengers Bangalore|Sunrisers Hyderabad
S Nadeem,70,70,236.5,1784,48,7.54,29.56,37.17,0,1,2,469,31,12,Chennai Super Kings|Deccan Chargers|Delhi Capitals|Gujarat Lions|Kings XI Punjab|Kolkata Knight Riders|Mumbai Indians|Pune Warriors|Rajasthan Royals|Rising Pune Supergiant|Royal Challengers Bangalore|Sunrisers Hyderabad
NM Coulter-Nile,38,38,144.3,1100,48,7.62,18.04,22.92,0,7,1,387,37,13,Chennai Super Kings|Delhi Capitals|Delhi Daredevils|Gujarat Lions|Kings XI Punjab|Kolkata Knight Riders|Mumbai Indians|Punjab Kings|Rajasthan Royals|Rising Pune Supergiant|Rising Pune Supergiants|Royal Challengers Bangalore|Sunrisers Hyderabad
TG Southee,54,54,201.7,1742,47,8.64,25.74,37.06,0,4,2,475,60,17,Chennai Super Kings|Delhi Capitals|Delhi Daredevils|Gujarat Lions|Gujarat Titans|Kings XI Punjab|Kochi Tuskers Kerala|Kolkata Knight Riders|Lucknow Super Giants|Mumbai Indians|Pune Warriors|Punjab Kings|Rajasthan Royals|Rising Pune Supergiant|Rising Pune Supergiants|Royal Challengers Bangalore|Sunrisers Hyderabad
SB Jakati,57,57,181.2,1451,47,8.01,23.13,30.87,0,2,1,355,29,12,Chennai Super Kings|Deccan Chargers|Delhi Daredevils|Kings XI Punjab|Kochi Tuskers Kerala|Kolkata Knight Riders|Mumbai Indians|Pune Warriors|Rajasthan Royals|Rising Pune Supergiant|Rising Pune Supergiants|Royal Challengers Bangalore
A Kumble,42,42,161.7,1058,45,6.54,21.56,23.51,1,5,1,397,31,7,Chennai Super Kings|Deccan Chargers|Delhi Daredevils|Kings XI Punjab|Kolkata Knight Riders|Mumbai Indians|Rajasthan Royals
RJ Harris,37,37,138.8,1047,45,7.54,18.51,23.27,0,6,3,390,49,10,Chennai Super Kings|Deccan Chargers|Delhi Daredevils|Kings XI Punjab|Kochi Tuskers Kerala|Kolkata Knight Riders|Mumbai Indians|Pune Warriors|Rajasthan Royals|Royal Challengers Bangalore
S Aravind,38,38,126.8,1039,45,8.19,16.91,23.09,0,3,0,302,32,12,Chennai Super Kings|Deccan Chargers|Delhi Daredevils|Gujarat Lions|Kings XI Punjab|Kochi Tuskers Kerala|Kolkata Knight Riders|Mumbai Indians|Pune Warriors|Rajasthan Royals|Rising Pune Supergiant|Sunrisers Hyderabad
VR Aaron,50,50,167.0,1481,44,8.87,22.77,33.66,0,1,2,415,80,13,Chennai Super Kings|Deccan Chargers|Delhi Capitals|Delhi Daredevils|Gujarat Lions|Kings XI Punjab|Kolkata Knight Riders|Lucknow Super Giants|Mumbai Indians|Rajasthan Royals|Rising Pune Supergiants|Royal Challengers Bangalore|Sunrisers Hyderabad
MP Stoinis,62,62,134.0,1274,43,9.51,18.7,29.63,0,4,0,238,34,14,Chennai Super Kings|Delhi Capitals|Delhi Daredevils|Gujarat Lions|Gujarat Titans|Kings XI Punjab|Kolkata Knight Riders|Mumbai Indians|Punjab Kings|Rajasthan Royals|Rising Pune Supergiant|Royal Challengers Bangalore|Royal Challengers Bengaluru|Sunrisers Hyderabad
TU Deshpande,36,36,130.0,1242,42,9.55,18.57,29.57,0,4,0,303,58,12,Chennai Super Kings|Delhi Capitals|Gujarat Titans|Kings XI Punjab|Kolkata Knight Riders|Lucknow Super Giants|Mumbai Indians|Punjab Kings|Rajasthan Royals|Royal Challengers Bangalore|Royal Challengers Bengaluru|Sunrisers Hyderabad
MC Henriques,60,60,158.5,1289,42,8.13,22.64,30.69,0,2,0,315,33,13,Chennai Super Kings|Deccan Chargers|Delhi Daredevils|Gujarat Lions|Kings XI Punjab|Kolkata Knight Riders|Mumbai Indians|Pune Warriors|Rajasthan Royals|Rising Pune Supergiant|Rising Pune Supergiants|Royal Challengers Bangalore|Sunrisers Hyderabad
YK Pathan,82,82,191.2,1415,42,7.4,27.31,33.69,0,3,1,419,43,12,Chennai Super Kings|Deccan Chargers|Delhi Daredevils|Gujarat Lions|Kings XI Punjab|Kochi Tuskers Kerala|Kolkata Knight Riders|Mumbai Indians|Pune Warriors|Rajasthan Royals|Royal Challengers Bangalore|Sunrisers Hyderabad
AJ Tye,30,30,114.5,978,42,8.54,16.36,23.29,1,5,0,225,29,10,Chennai Super Kings|Delhi Capitals|Delhi Daredevils|Kings XI Punjab|Kolkata Knight Riders|Mumbai Indians|Rajasthan Royals|Rising Pune Supergiant|Royal Challengers Bangalore|Sunrisers Hyderabad
Iqbal Abdulla,48,48,153.3,1109,40,7.23,23.0,27.73,0,4,1,346,26,13,Chennai Super Kings|Deccan Chargers|Delhi Daredevils|Gujarat Lions|Kings XI Punjab|Kochi Tuskers Kerala|Kolkata Knight Riders|Mumbai Indians|Pune Warriors|Rajasthan Royals|Rising Pune Supergiants|Royal Challengers Bangalore|Sunrisers Hyderabad
R Sharma,44,44,154.7,1086,40,7.02,23.2,27.15,0,1,1,344,7,10,Chennai Super Kings|Deccan Chargers|Delhi Daredevils|Kings XI Punjab|Kochi Tuskers Kerala|Kolkata Knight Riders|Mumbai Indians|Rajasthan Royals|Royal Challengers Bangalore|Sunrisers Hyderabad
S Sreesanth,44,44,150.5,1194,40,7.93,22.57,29.85,0,1,4,416,82,9,Chennai Super Kings|Deccan Chargers|Delhi Daredevils|Kings XI Punjab|Kolkata Knight Riders|Mumbai Indians|Pune Warriors|Rajasthan Royals|Royal Challengers Bangalore
P Awana,33,33,125.2,1029,39,8.22,19.26,26.38,0,4,2,307,29,9,Chennai Super Kings|Deccan Chargers|Delhi Daredevils|Kolkata Knight Riders|Mumbai Indians|Pune Warriors|Rajasthan Royals|Royal Challengers Bangalore|Sunrisers Hyderabad
PJ Sangwan,42,42,143.7,1240,38,8.63,22.68,32.63,0,3,1,338,58,11,Chennai Super Kings|Deccan Chargers|Delhi Daredevils|Kings XI Punjab|Kolkata Knight Riders|Mumbai Indians|Punjab Kings|Rajasthan Royals|Rising Pune Supergiant|Royal Challengers Bangalore|Sunrisers Hyderabad
DT Christian,49,49,147.7,1192,38,8.07,23.32,31.37,0,0,0,316,40,13,Chennai Super Kings|Delhi Capitals|Delhi Daredevils|Gujarat Lions|Kings XI Punjab|Kochi Tuskers Kerala|Kolkata Knight Riders|Mumbai Indians|Pune Warriors|Punjab Kings|Rajasthan Royals|Royal Challengers Bangalore|Sunrisers Hyderabad
MS Gony,44,44,148.8,1287,37,8.65,24.14,34.78,0,2,3,366,37,11,Chennai Super Kings|Deccan Chargers|Delhi Daredevils|Kings XI Punjab|Kochi Tuskers Kerala|Kolkata Knight Riders|Mumbai Indians|Pune Warriors|Rajasthan Royals|Royal Challengers Bangalore|Sunrisers Hyderabad
Washington Sundar,58,58,176.0,1325,37,7.53,28.54,35.81,0,3,1,366,16,13,Chennai Super Kings|Delhi Capitals|Delhi Daredevils|Gujarat Lions|Gujarat Titans|Kings XI Punjab|Kolkata Knight Riders|Lucknow Super Giants|Mumbai Indians|Punjab Kings|Rajasthan Royals|Royal Challengers Bangalore|Sunrisers Hyderabad
GJ Maxwell,79,79,157.3,1303,37,8.28,25.51,35.22,0,0,1,309,28,16,Chennai Super Kings|Delhi Capitals|Delhi Daredevils|Gujarat Lions|Gujarat Titans|Kings XI Punjab|Kolkata Knight Riders|Lucknow Super Giants|Mumbai Indians|Pune Warriors|Punjab Kings|Rajasthan Royals|Rising Pune Supergiant|Rising Pune Supergiants|Royal Challengers Bangalore|Sunrisers Hyderabad
DE Bollinger,27,27,96.3,693,37,7.19,15.62,18.73,0,4,3,270,30,9,Deccan Chargers|Delhi Daredevils|Kings XI Punjab|Kochi Tuskers Kerala|Kolkata Knight Riders|Mumbai Indians|Pune Warriors|Rajasthan Royals|Royal Challengers Bangalore
MR Marsh,34,34,93.8,795,37,8.47,15.22,21.49,0,3,1,189,33,12,Chennai Super Kings|Deccan Chargers|Delhi Daredevils|Gujarat Lions|Gujarat Titans|Kings XI Punjab|Kolkata Knight Riders|Mumbai Indians|Punjab Kings|Rajasthan Royals|Royal Challengers Bangalore|Sunrisers Hyderabad
M Markande,37,37,120.2,1069,37,8.9,19.49,28.89,0,3,0,218,18,13,Chennai Super Kings|Delhi Capitals|Delhi Daredevils|Gujarat Titans|Kings XI Punjab|Kolkata Knight Riders|Lucknow Super Giants|Mumbai Indians|Punjab Kings|Rajasthan Royals|Royal Challengers Bangalore|Royal Challengers Bengaluru|Sunrisers Hyderabad
Yuvraj Singh,73,73,145.0,1077,36,7.43,24.17,29.92,0,4,0,269,13,12,Chennai Super Kings|Deccan Chargers|Delhi Daredevils|Gujarat Lions|Kings XI Punjab|Kochi Tuskers Kerala|Kolkata Knight Riders|Mumbai Indians|Rajasthan Royals|Rising Pune Supergiants|Royal Challengers Bangalore|Sunrisers Hyderabad
PWH de Silva,26,26,92.0,748,35,8.13,15.77,21.37,1,2,1,209,7,9,Chennai Super Kings|Delhi Capitals|Gujarat Titans|Kolkata Knight Riders|Lucknow Super Giants|Mumbai Indians|Punjab Kings|Rajasthan Royals|Sunrisers Hyderabad
WD Parnell,33,33,121.5,937,35,7.71,20.83,26.77,0,4,1,312,56,14,Chennai Super Kings|Deccan Chargers|Delhi Capitals|Delhi Daredevils|Gujarat Titans|Kings XI Punjab|Kochi Tuskers Kerala|Kolkata Knight Riders|Lucknow Super Giants|Mumbai Indians|Punjab Kings|Rajasthan Royals|Royal Challengers Bangalore|Sunrisers Hyderabad
MM Ali,52,52,126.5,893,35,7.06,21.69,25.51,0,3,0,273,12,12,Chennai Super Kings|Delhi Capitals|Delhi Daredevils|Gujarat Titans|Kings XI Punjab|Kolkata Knight Riders|Lucknow Super Giants|Mumbai Indians|Punjab Kings|Rajasthan Royals|Royal Challengers Bangalore|Sunrisers Hyderabad
JR Hazlewood,27,27,100.8,810,35,8.03,17.29,23.14,0,4,1,270,19,10,Chennai Super Kings|Delhi Capitals|Gujarat Titans|Kolkata Knight Riders|Lucknow Super Giants|Mumbai Indians|Punjab Kings|Rajasthan Royals|Royal Challengers Bangalore|Sunrisers Hyderabad
M Ashwin,44,44,145.5,1162,35,7.99,24.94,33.2,0,2,0,298,31,13,Chennai Super Kings|Delhi Capitals|Delhi Daredevils|Gujarat Lions|Gujarat Titans|Kings XI Punjab|Kolkata Knight Riders|Lucknow Super Giants|Mumbai Indians|Punjab Kings|Rajasthan Royals|Royal Challengers Bangalore|Sunrisers Hyderabad
M Pathirana,20,20,75.3,592,34,7.86,13.29,17.41,0,4,0,178,68,9,Delhi Capitals|Gujarat Titans|Kolkata Knight Riders|Lucknow Super Giants|Mumbai Indians|Punjab Kings|Rajasthan Royals|Royal Challengers Bangalore|Sunrisers Hyderabad
P Negi,42,42,119.3,939,34,7.87,21.06,27.62,0,2,0,249,17,13,Chennai Super Kings|Delhi Capitals|Delhi Daredevils|Gujarat Lions|Kings XI Punjab|Kolkata Knight Riders|Mumbai Indians|Pune Warriors|Rajasthan Royals|Rising Pune Supergiant|Rising Pune Supergiants|Royal Challengers Bangalore|Sunrisers Hyderabad
KK Cooper,25,25,96.2,757,33,7.87,17.48,22.94,0,5,1,209,32,8,Chennai Super Kings|Delhi Daredevils|Kings XI Punjab|Kolkata Knight Riders|Mumbai Indians|Pune Warriors|Royal Challengers Bangalore|Sunrisers Hyderabad
R Tewatia,52,52,140.8,1111,32,7.89,26.41,34.72,0,4,0,270,23,11,Chennai Super Kings|Delhi Capitals|Kings XI Punjab|Kolkata Knight Riders|Lucknow Super Giants|Mumbai Indians|Punjab Kings|Rajasthan Royals|Rising Pune Supergiant|Royal Challengers Bangalore|Sunrisers Hyderabad
NLTC Perera,36,36,116.8,1016,31,8.7,22.61,32.77,0,3,0,238,18,11,Chennai Super Kings|Deccan Chargers|Delhi Daredevils|Gujarat Lions|Kings XI Punjab|Kolkata Knight Riders|Mumbai Indians|Pune Warriors|Rajasthan Royals|Royal Challengers Bangalore|Sunrisers Hyderabad
M Kartik,55,55,192.3,1388,31,7.22,37.23,44.77,0,1,1,405,47,11,Chennai Super Kings|Deccan Chargers|Delhi Daredevils|Kings XI Punjab|Kochi Tuskers Kerala|Kolkata Knight Riders|Mumbai Indians|Pune Warriors|Rajasthan Royals|Royal Challengers Bangalore|Sunrisers Hyderabad
CR Woakes,21,21,73.5,658,30,8.95,14.7,21.93,0,3,0,173,23,11,Chennai Super Kings|Delhi Daredevils|Gujarat Lions|Kings XI Punjab|Kolkata Knight Riders|Mumbai Indians|Punjab Kings|Rajasthan Royals|Rising Pune Supergiant|Royal Challengers Bangalore|Sunrisers Hyderabad
CJ Jordan,34,35,113.2,1081,30,9.55,22.63,36.03,0,3,1,225,48,14,Chennai Super Kings|Delhi Capitals|Delhi Daredevils|Gujarat Lions|Gujarat Titans|Kings XI Punjab|Kolkata Knight Riders|Lucknow Super Giants|Mumbai Indians|Punjab Kings|Rajasthan Royals|Rising Pune Supergiants|Royal Challengers Bangalore|Sunrisers Hyderabad
Shivam Mavi,32,32,109.2,942,30,8.63,21.83,31.4,0,1,2,267,39,11,Chennai Super Kings|Delhi Capitals|Delhi Daredevils|Gujarat Titans|Kings XI Punjab|Lucknow Super Giants|Mumbai Indians|Punjab Kings|Rajasthan Royals|Royal Challengers Bangalore|Sunrisers Hyderabad
Umran Malik,26,26,82.8,771,29,9.31,17.14,26.59,1,4,1,218,39,9,Chennai Super Kings|Delhi Capitals|Gujarat Titans|Kolkata Knight Riders|Lucknow Super Giants|Mumbai Indians|Punjab Kings|Rajasthan Royals|Royal Challengers Bangalore
Azhar Mahmood,23,23,90.3,700,29,7.75,18.69,24.14,0,4,0,206,19,9,Chennai Super Kings|Deccan Chargers|Delhi Daredevils|Kolkata Knight Riders|Mumbai Indians|Pune Warriors|Rajasthan Royals|Royal Challengers Bangalore|Sunrisers Hyderabad
AB Agarkar,42,42,130.7,1151,29,8.81,27.03,39.69,0,1,0,273,39,9,Chennai Super Kings|Deccan Chargers|Delhi Daredevils|Kings XI Punjab|Kochi Tuskers Kerala|Kolkata Knight Riders|Mumbai Indians|Rajasthan Royals|Royal Challengers Bangalore
A Zampa,20,20,69.8,558,29,7.99,14.45,19.24,1,3,0,133,11,10,Chennai Super Kings|Delhi Daredevils|Gujarat Titans|Kings XI Punjab|Kolkata Knight Riders|Mumbai Indians|Punjab Kings|Rajasthan Royals|Royal Challengers Bangalore|Sunrisers Hyderabad
A Singh,23,23,79.0,620,28,7.85,16.93,22.14,0,3,1,200,17,9,Chennai Super Kings|Deccan Chargers|Delhi Daredevils|Kings XI Punjab|Kochi Tuskers Kerala|Kolkata Knight Riders|Mumbai Indians|Pune Warriors|Royal Challengers Bangalore
DP Nannes,29,29,108.3,785,28,7.25,23.21,28.04,0,2,1,306,51,9,Chennai Super Kings|Deccan Chargers|Kings XI Punjab|Kochi Tuskers Kerala|Kolkata Knight Riders|Mumbai Indians|Pune Warriors|Rajasthan Royals|Royal Challengers Bangalore
DL Vettori,34,34,129.5,879,28,6.79,27.75,31.39,0,2,0,283,8,10,Chennai Super Kings|Deccan Chargers|Delhi Daredevils|Kings XI Punjab|Kochi Tuskers Kerala|Kolkata Knight Riders|Mumbai Indians|Pune Warriors|Rajasthan Royals|Royal Challengers Bangalore
PV Tambe,33,33,110.0,853,28,7.75,23.57,30.46,0,2,0,215,19,8,Chennai Super Kings|Delhi Daredevils|Kings XI Punjab|Kolkata Knight Riders|Mumbai Indians|Rising Pune Supergiants|Royal Challengers Bangalore|Sunrisers Hyderabad
Yash Dayal,28,28,97.2,919,28,9.46,20.82,32.82,0,2,0,223,41,9,Chennai Super Kings|Delhi Capitals|Gujarat Titans|Kolkata Knight Riders|Lucknow Super Giants|Punjab Kings|Rajasthan Royals|Royal Challengers Bangalore|Sunrisers Hyderabad
BA Stokes,38,38,115.5,992,28,8.59,24.75,35.43,0,3,2,250,36,11,Chennai Super Kings|Delhi Capitals|Delhi Daredevils|Gujarat Lions|Kings XI Punjab|Kolkata Knight Riders|Lucknow Super Giants|Mumbai Indians|Punjab Kings|Royal Challengers Bangalore|Sunrisers Hyderabad
AD Mathews,44,44,132.0,1079,27,8.17,29.33,39.96,0,2,0,237,25,9,Chennai Super Kings|Deccan Chargers|Delhi Daredevils|Kings XI Punjab|Kolkata Knight Riders|Mumbai Indians|Rajasthan Royals|Royal Challengers Bangalore|Sunrisers Hyderabad
MF Maharoof,20,20,70.8,520,27,7.34,15.74,19.26,0,1,0,177,26,6,Deccan Chargers|Kings XI Punjab|Kolkata Knight Riders|Mumbai Indians|Rajasthan Royals|Royal Challengers Bangalore
Harmeet Singh,28,28,92.2,731,27,7.93,20.48,27.07,0,2,0,213,33,8,Chennai Super Kings|Delhi Daredevils|Kolkata Knight Riders|Mumbai Indians|Pune Warriors|Rajasthan Royals|Royal Challengers Bangalore|Sunrisers Hyderabad
Mohsin Khan,23,23,81.0,689,27,8.51,18.0,25.52,0,3,2,212,26,8,Chennai Super Kings|Delhi Capitals|Gujarat Titans|Kolkata Knight Riders|Mumbai Indians|Punjab Kings|Rajasthan Royals|Royal Challengers Bangalore
DR Smith,46,46,90.5,810,26,8.95,20.88,31.15,0,2,0,179,23,9,Chennai Super Kings|Delhi Daredevils|Kings XI Punjab|Kolkata Knight Riders|Mumbai Indians|Rajasthan Royals|Rising Pune Supergiant|Royal Challengers Bangalore|Sunrisers Hyderabad
R Dhawan,36,36,110.8,891,25,8.04,26.6,35.64,0,0,1,218,40,13,Chennai Super Kings|Delhi Capitals|Delhi Daredevils|Gujarat Titans|Kings XI Punjab|Kolkata Knight Riders|Lucknow Super Giants|Mumbai Indians|Pune Warriors|Rajasthan Royals|Rising Pune Supergiants|Royal Challengers Bangalore|Sunrisers Hyderabad
Harpreet Brar,39,39,113.2,895,25,7.91,27.16,35.8,0,3,1,239,20,10,Chennai Super Kings|Delhi Capitals|Gujarat Titans|Kolkata Knight Riders|Lucknow Super Giants|Mumbai Indians|Rajasthan Royals|Royal Challengers Bangalore|Royal Challengers Bengaluru|Sunrisers Hyderabad
SK Raina,69,69,151.3,1118,25,7.39,36.32,44.72,0,0,0,299,22,11,Deccan Chargers|Delhi Daredevils|Kings XI Punjab|Kochi Tuskers Kerala|Kolkata Knight Riders|Mumbai Indians|Pune Warriors|Rajasthan Royals|Rising Pune Supergiant|Royal Challengers Bangalore|Sunrisers Hyderabad
J Botha,34,34,115.7,800,25,6.92,27.76,32.0,0,1,0,268,19,11,Chennai Super Kings|Deccan Chargers|Delhi Daredevils|Kings XI Punjab|Kochi Tuskers Kerala|Kolkata Knight Riders|Mumbai Indians|Pune Warriors|Rajasthan Royals|Royal Challengers Bangalore|Sunrisers Hyderabad
Naveen-ul-Haq,17,17,65.3,590,25,9.03,15.68,23.6,0,4,0,141,19,9,Delhi Capitals|Gujarat Titans|Kolkata Knight Riders|Mumbai Indians|Punjab Kings|Rajasthan Royals|Royal Challengers Bangalore|Royal Challengers Bengaluru|Sunrisers Hyderabad
B Lee,38,38,148.0,1095,25,7.4,35.52,43.8,0,1,3,400,53,10,Chennai Super Kings|Deccan Chargers|Delhi Daredevils|Kings XI Punjab|Kochi Tuskers Kerala|Kolkata Knight Riders|Mumbai Indians|Pune Warriors|Rajasthan Royals|Royal Challengers Bangalore
Harshit Rana,19,19,64.5,581,25,9.01,15.48,23.24,0,2,1,157,18,9,Chennai Super Kings|Delhi Capitals|Gujarat Titans|Lucknow Super Giants|Mumbai Indians|Punjab Kings|Rajasthan Royals|Royal Challengers Bengaluru|Sunrisers Hyderabad
L Ngidi,14,14,54.3,448,25,8.25,13.04,17.92,0,4,2,139,18,7,Delhi Daredevils|Kings XI Punjab|Kolkata Knight Riders|Mumbai Indians|Rajasthan Royals|Royal Challengers Bangalore|Sunrisers Hyderabad
M Theekshana,27,27,104.0,797,25,7.66,24.96,31.88,0,2,1,201,8,10,Delhi Capitals|Gujarat Titans|Kolkata Knight Riders|Lucknow Super Giants|Mumbai Indians|Punjab Kings|Rajasthan Royals|Royal Challengers Bangalore|Royal Challengers Bengaluru|Sunrisers Hyderabad
AS Rajpoot,29,29,89.8,813,24,9.05,22.46,33.88,1,2,1,214,41,10,Chennai Super Kings|Delhi Daredevils|Gujarat Lions|Kings XI Punjab|Kolkata Knight Riders|Mumbai Indians|Rajasthan Royals|Rising Pune Supergiants|Royal Challengers Bangalore|Sunrisers Hyderabad
Mukesh Kumar,20,20,67.2,694,24,10.33,16.79,28.92,0,3,0,137,21,10,Chennai Super Kings|Gujarat Titans|Kolkata Knight Riders|Lucknow Super Giants|Mumbai Indians|Punjab Kings|Rajasthan Royals|Royal Challengers Bangalore|Royal Challengers Bengaluru|Sunrisers Hyderabad
Noor Ahmad,23,23,82.2,659,24,8.02,20.54,27.46,0,1,0,178,22,10,Chennai Super Kings|Delhi Capitals|Kolkata Knight Riders|Lucknow Super Giants|Mumbai Indians|Punjab Kings|Rajasthan Royals|Royal Challengers Bangalore|Royal Challengers Bengaluru|Sunrisers Hyderabad
Navdeep Saini,31,32,110.2,946,24,8.59,27.54,39.42,0,1,1,284,35,9,Chennai Super Kings|Delhi Capitals|Kings XI Punjab|Kolkata Knight Riders|Mumbai Indians|Punjab Kings|Rajasthan Royals|Royal Challengers Bangalore|Sunrisers Hyderabad
Yash Thakur,19,19,67.8,691,24,10.19,16.96,28.79,1,3,1,138,28,10,Chennai Super Kings|Delhi Capitals|Gujarat Titans|Kolkata Knight Riders|Mumbai Indians|Punjab Kings|Rajasthan Royals|Royal Challengers Bangalore|Royal Challengers Bengaluru|Sunrisers Hyderabad
SW Tait,21,21,80.3,640,23,7.97,20.96,27.83,0,4,1,222,83,9,Chennai Super Kings|Deccan Chargers|Delhi Daredevils|Kings XI Punjab|Kochi Tuskers Kerala|Kolkata Knight Riders|Mumbai Indians|Pune Warriors|Royal Challengers Bangalore
JP Duminy,49,49,113.0,834,23,7.38,29.48,36.26,0,1,0,242,32,11,Chennai Super Kings|Delhi Daredevils|Gujarat Lions|Kings XI Punjab|Kolkata Knight Riders|Mumbai Indians|Pune Warriors|Rajasthan Royals|Rising Pune Supergiants|Royal Challengers Bangalore|Sunrisers Hyderabad
GB Hogg,21,21,76.5,570,23,7.45,19.96,24.78,0,2,1,170,18,9,Chennai Super Kings|Deccan Chargers|Delhi Daredevils|Gujarat Lions|Kings XI Punjab|Kolkata Knight Riders|Mumbai Indians|Royal Challengers Bangalore|Sunrisers Hyderabad
Basil Thampi,25,25,87.0,846,22,9.72,23.73,38.45,0,2,1,163,18,10,Delhi Capitals|Delhi Daredevils|Kings XI Punjab|Kolkata Knight Riders|Mumbai Indians|Punjab Kings|Rajasthan Royals|Rising Pune Supergiant|Royal Challengers Bangalore|Sunrisers Hyderabad
BW Hilfenhaus,17,17,62.5,479,22,7.66,17.05,21.77,0,1,2,184,18,7,Deccan Chargers|Delhi Daredevils|Kings XI Punjab|Kolkata Knight Riders|Mumbai Indians|Rajasthan Royals|Sunrisers Hyderabad
Sohail Tanvir,11,11,41.3,266,22,6.44,11.27,12.09,1,5,0,130,20,6,Chennai Super Kings|Deccan Chargers|Delhi Daredevils|Kolkata Knight Riders|Mumbai Indians|Royal Challengers Bangalore
STR Binny,63,63,99.2,758,22,7.64,27.05,34.45,0,0,0,204,17,13,Chennai Super Kings|Deccan Chargers|Delhi Capitals|Delhi Daredevils|Gujarat Lions|Kings XI Punjab|Kolkata Knight Riders|Mumbai Indians|Pune Warriors|Rising Pune Supergiant|Rising Pune Supergiants|Royal Challengers Bangalore|Sunrisers Hyderabad
Shahbaz Ahmed,42,42,89.8,837,21,9.32,25.67,39.86,0,2,0,149,12,10,Chennai Super Kings|Delhi Capitals|Gujarat Titans|Kolkata Knight Riders|Lucknow Super Giants|Mumbai Indians|Punjab Kings|Rajasthan Royals|Royal Challengers Bengaluru|Sunrisers Hyderabad
K Gowtham,35,35,98.0,808,21,8.24,28.0,38.48,0,0,1,216,11,10,Chennai Super Kings|Delhi Capitals|Delhi Daredevils|Kings XI Punjab|Kolkata Knight Riders|Mumbai Indians|Punjab Kings|Rajasthan Royals|Royal Challengers Bangalore|Sunrisers Hyderabad
AS Joseph,22,22,72.5,691,21,9.53,20.71,32.9,1,1,1,172,22,10,Chennai Super Kings|Delhi Capitals|Kings XI Punjab|Kolkata Knight Riders|Lucknow Super Giants|Mumbai Indians|Punjab Kings|Rajasthan Royals|Royal Challengers Bangalore|Sunrisers Hyderabad
VY Mahesh,17,17,57.7,499,21,8.65,16.48,23.76,0,2,0,127,21,8,Chennai Super Kings|Deccan Chargers|Kings XI Punjab|Kolkata Knight Riders|Mumbai Indians|Pune Warriors|Rajasthan Royals|Royal Challengers Bangalore
RE van der Merwe,21,21,73.8,498,21,6.74,21.1,23.71,0,1,1,159,12,8,Chennai Super Kings|Deccan Chargers|Delhi Daredevils|Kings XI Punjab|Kochi Tuskers Kerala|Kolkata Knight Riders|Mumbai Indians|Rajasthan Royals
A Symonds,30,30,88.0,674,20,7.66,26.4,33.7,0,1,0,206,18,8,Chennai Super Kings|Delhi Daredevils|Kings XI Punjab|Kolkata Knight Riders|Mumbai Indians|Pune Warriors|Rajasthan Royals|Royal Challengers Bangalore
M Jansen,21,21,76.3,714,20,9.35,22.9,35.7,0,1,1,187,49,8,Chennai Super Kings|Delhi Capitals|Gujarat Titans|Kolkata Knight Riders|Mumbai Indians|Punjab Kings|Rajasthan Royals|Royal Challengers Bangalore
C Sakariya,19,19,71.8,599,20,8.34,21.55,29.95,0,2,1,151,36,9,Chennai Super Kings|Delhi Capitals|Kolkata Knight Riders|Lucknow Super Giants|Mumbai Indians|Punjab Kings|Rajasthan Royals|Royal Challengers Bangalore|Sunrisers Hyderabad
KW Richardson,15,15,55.8,472,19,8.45,17.63,24.84,0,1,0,136,14,10,Chennai Super Kings|Delhi Daredevils|Gujarat Lions|Kings XI Punjab|Kolkata Knight Riders|Mumbai Indians|Rajasthan Royals|Rising Pune Supergiants|Royal Challengers Bangalore|Sunrisers Hyderabad
RP Meredith,18,18,65.0,612,19,9.42,20.53,32.21,0,0,0,156,40,8,Chennai Super Kings|Delhi Capitals|Gujarat Titans|Kolkata Knight Riders|Lucknow Super Giants|Rajasthan Royals|Royal Challengers Bangalore|Sunrisers Hyderabad
VG Arora,20,20,65.5,585,19,8.93,20.68,30.79,0,1,0,152,35,9,Chennai Super Kings|Delhi Capitals|Gujarat Titans|Lucknow Super Giants|Mumbai Indians|Punjab Kings|Rajasthan Royals|Royal Challengers Bangalore|Sunrisers Hyderabad
JP Behrendorff,17,17,61.0,552,19,9.05,19.26,29.05,0,2,0,146,17,9,Chennai Super Kings|Delhi Capitals|Gujarat Titans|Kings XI Punjab|Lucknow Super Giants|Punjab Kings|Rajasthan Royals|Royal Challengers Bangalore|Sunrisers Hyderabad
Mujeeb Ur Rahman,19,19,72.3,592,19,8.18,22.84,31.16,0,1,0,152,28,8,Chennai Super Kings|Delhi Capitals|Delhi Daredevils|Kolkata Knight Riders|Mumbai Indians|Rajasthan Royals|Royal Challengers Bangalore|Sunrisers Hyderabad
AD Mascarenhas,13,13,51.3,356,19,6.94,16.21,18.74,1,2,1,130,3,8,Chennai Super Kings|Delhi Daredevils|Kings XI Punjab|Kolkata Knight Riders|Mumbai Indians|Pune Warriors|Royal Challengers Bangalore|Sunrisers Hyderabad
Akash Madhwal,13,13,44.8,424,19,9.46,14.16,22.32,1,4,0,89,17,9,Chennai Super Kings|Delhi Capitals|Gujarat Titans|Lucknow Super Giants|Punjab Kings|Rajasthan Royals|Royal Challengers Bangalore|Royal Challengers Bengaluru|Sunrisers Hyderabad
J Suchith,21,21,70.0,602,19,8.6,22.11,31.68,0,0,0,142,17,9,Chennai Super Kings|Delhi Capitals|Delhi Daredevils|Kings XI Punjab|Kolkata Knight Riders|Punjab Kings|Rajasthan Royals|Royal Challengers Bangalore|Sunrisers Hyderabad
IC Pandey,24,24,77.3,591,18,7.64,25.78,32.83,0,0,4,223,7,7,Delhi Daredevils|Kings XI Punjab|Kolkata Knight Riders|Mumbai Indians|Rajasthan Royals|Royal Challengers Bangalore|Sunrisers Hyderabad
BB Sran,24,24,81.0,757,18,9.35,27.0,42.06,0,1,0,175,39,9,Chennai Super Kings|Delhi Daredevils|Gujarat Lions|Kings XI Punjab|Kolkata Knight Riders|Mumbai Indians|Rising Pune Supergiants|Royal Challengers Bangalore|Sunrisers Hyderabad
CH Gayle,38,38,92.8,729,18,7.85,30.94,40.5,0,1,0,196,49,12,Chennai Super Kings|Deccan Chargers|Delhi Daredevils|Gujarat Lions|Kings XI Punjab|Kochi Tuskers Kerala|Kolkata Knight Riders|Mumbai Indians|Pune Warriors|Rajasthan Royals|Royal Challengers Bangalore|Sunrisers Hyderabad
Anureet Singh,22,22,69.8,623,18,8.92,23.28,34.61,0,1,0,152,22,8,Chennai Super Kings|Delhi Daredevils|Kings XI Punjab|Kolkata Knight Riders|Mumbai Indians|Rajasthan Royals|Royal Challengers Bangalore|Sunrisers Hyderabad
A Ashish Reddy,20,20,44.0,396,18,9.0,14.67,22.0,0,1,0,83,10,8,Chennai Super Kings|Delhi Daredevils|Kings XI Punjab|Kolkata Knight Riders|Mumbai Indians|Pune Warriors|Rajasthan Royals|Royal Challengers Bangalore
WPUJC Vaas,13,13,47.3,355,18,7.5,15.78,19.72,0,1,2,134,10,6,Chennai Super Kings|Delhi Daredevils|Kings XI Punjab|Kolkata Knight Riders|Rajasthan Royals|Royal Challengers Bangalore
NT Ellis,16,16,59.5,508,18,8.54,19.83,28.22,0,2,0,118,12,6,Delhi Capitals|Kolkata Knight Riders|Mumbai Indians|Rajasthan Royals|Royal Challengers Bangalore|Sunrisers Hyderabad
CRD Fernando,10,10,39.7,298,17,7.51,14.0,17.53,0,1,0,107,19,7,Chennai Super Kings|Deccan Chargers|Delhi Daredevils|Kings XI Punjab|Kolkata Knight Riders|Rajasthan Royals|Royal Challengers Bangalore
BJ Hodge,20,20,39.0,303,17,7.77,13.76,17.82,0,2,0,79,9,9,Chennai Super Kings|Deccan Chargers|Delhi Daredevils|Kings XI Punjab|Mumbai Indians|Pune Warriors|Rajasthan Royals|Royal Challengers Bangalore|Sunrisers Hyderabad
Bipul Sharma,28,28,71.0,572,17,8.06,25.06,33.65,0,0,0,139,15,12,Chennai Super Kings|Deccan Chargers|Gujarat Lions|Kings XI Punjab|Kochi Tuskers Kerala|Kolkata Knight Riders|Mumbai Indians|Pune Warriors|Rajasthan Royals|Rising Pune Supergiant|Rising Pune Supergiants|Royal Challengers Bangalore
R Rampaul,12,13,45.0,309,16,6.87,16.88,19.31,0,1,4,137,10,7,Chennai Super Kings|Delhi Daredevils|Kings XI Punjab|Kolkata Knight Riders|Mumbai Indians|Pune Warriors|Rajasthan Royals
D Wiese,15,15,49.5,440,16,8.89,18.56,27.5,0,1,0,86,12,7,Chennai Super Kings|Delhi Daredevils|Kings XI Punjab|Kolkata Knight Riders|Mumbai Indians|Rajasthan Royals|Sunrisers Hyderabad
Mukesh Choudhary,14,14,46.7,451,16,9.66,17.5,28.19,0,3,0,121,19,8,Delhi Capitals|Gujarat Titans|Lucknow Super Giants|Mumbai Indians|Punjab Kings|Rajasthan Royals|Royal Challengers Bangalore|Sunrisers Hyderabad
C Green,29,29,73.3,664,16,9.05,27.5,41.5,0,0,0,160,30,9,Chennai Super Kings|Delhi Capitals|Gujarat Titans|Kolkata Knight Riders|Lucknow Super Giants|Punjab Kings|Rajasthan Royals|Royal Challengers Bangalore|Sunrisers Hyderabad
YA Abdulla,11,11,35.0,307,15,8.77,14.0,20.47,0,3,1,92,13,6,Chennai Super Kings|Delhi Daredevils|Kolkata Knight Riders|Mumbai Indians|Rajasthan Royals|Royal Challengers Bangalore
MJ Santner,18,18,61.2,422,15,6.9,24.47,28.13,0,0,0,137,11,9,Gujarat Titans|Kolkata Knight Riders|Lucknow Super Giants|Mumbai Indians|Punjab Kings|Rajasthan Royals|Royal Challengers Bangalore|Royal Challengers Bengaluru|Sunrisers Hyderabad
Mohammad Nabi,23,23,69.5,517,15,7.44,27.8,34.47,0,1,0,153,3,10,Chennai Super Kings|Delhi Capitals|Gujarat Lions|Kings XI Punjab|Kolkata Knight Riders|Lucknow Super Giants|Mumbai Indians|Rajasthan Royals|Royal Challengers Bangalore|Royal Challengers Bengaluru
RG Sharma,32,32,56.5,453,15,8.02,22.6,30.2,0,2,0,94,15,8,Chennai Super Kings|Delhi Daredevils|Kings XI Punjab|Kolkata Knight Riders|Mumbai Indians|Rajasthan Royals|Royal Challengers Bangalore|Sunrisers Hyderabad
LR Shukla,27,27,52.7,447,15,8.49,21.07,29.8,0,2,0,117,18,9,Chennai Super Kings|Deccan Chargers|Delhi Daredevils|Kings XI Punjab|Kolkata Knight Riders|Mumbai Indians|Rajasthan Royals|Royal Challengers Bangalore|Sunrisers Hyderabad
Kartik Tyagi,20,20,71.7,713,15,9.95,28.67,47.53,0,0,0,155,38,8,Chennai Super Kings|Delhi Capitals|Kings XI Punjab|Kolkata Knight Riders|Mumbai Indians|Punjab Kings|Royal Challengers Bangalore|Sunrisers Hyderabad
SJ Srivastava,14,14,47.2,441,14,9.35,20.21,31.5,0,0,0,106,32,9,Chennai Super Kings|Deccan Chargers|Delhi Daredevils|Kochi Tuskers Kerala|Kolkata Knight Riders|Mumbai Indians|Pune Warriors|Rajasthan Royals|Royal Challengers Bangalore
AC Thomas,15,15,52.8,406,14,7.68,22.64,29.0,0,1,2,133,12,9,Chennai Super Kings|Deccan Chargers|Delhi Daredevils|Kings XI Punjab|Kochi Tuskers Kerala|Kolkata Knight Riders|Mumbai Indians|Rajasthan Royals|Royal Challengers Bangalore
DR Sams,16,16,60.3,523,14,8.67,25.86,37.36,0,2,0,144,34,11,Chennai Super Kings|Delhi Capitals|Gujarat Titans|Kings XI Punjab|Kolkata Knight Riders|Lucknow Super Giants|Mumbai Indians|Punjab Kings|Rajasthan Royals|Royal Challengers Bangalore|Sunrisers Hyderabad
KR Sen,12,12,40.5,387,14,9.56,17.36,27.64,0,2,0,89,15,8,Chennai Super Kings|Delhi Capitals|Gujarat Titans|Kolkata Knight Riders|Lucknow Super Giants|Mumbai Indians|Punjab Kings|Royal Challengers Bangalore
JR Hopes,20,20,60.0,548,14,9.13,25.71,39.14,0,0,0,119,9,9,Chennai Super Kings|Deccan Chargers|Delhi Daredevils|Kings XI Punjab|Kolkata Knight Riders|Mumbai Indians|Pune Warriors|Rajasthan Royals|Royal Challengers Bangalore
RR Powar,26,26,71.2,527,13,7.41,32.85,40.54,0,0,0,174,26,7,Chennai Super Kings|Deccan Chargers|Delhi Daredevils|Kolkata Knight Riders|Mumbai Indians|Rajasthan Royals|Royal Challengers Bangalore
CK Langeveldt,7,7,26.2,187,13,7.15,12.08,14.38,0,1,0,75,9,6,Deccan Chargers|Delhi Daredevils|Kings XI Punjab|Kolkata Knight Riders|Rajasthan Royals|Royal Challengers Bangalore
Vijaykumar Vyshak,11,11,38.7,395,13,10.22,17.85,30.38,0,1,0,64,12,8,Chennai Super Kings|Delhi Capitals|Gujarat Titans|Kolkata Knight Riders|Mumbai Indians|Punjab Kings|Rajasthan Royals|Sunrisers Hyderabad
TK Curran,13,13,40.2,430,13,10.71,18.54,33.08,0,1,0,59,14,7,Chennai Super Kings|Delhi Daredevils|Kings XI Punjab|Kolkata Knight Riders|Mumbai Indians|Rajasthan Royals|Royal Challengers Bangalore
G Coetzee,10,10,33.7,341,13,10.13,15.54,26.23,0,2,0,81,23,9,Chennai Super Kings|Delhi Capitals|Gujarat Titans|Kolkata Knight Riders|Lucknow Super Giants|Punjab Kings|Rajasthan Royals|Royal Challengers Bengaluru|Sunrisers Hyderabad
R Sai Kishore,10,10,31.0,258,13,8.32,14.31,19.85,0,1,0,57,5,8,Chennai Super Kings|Delhi Capitals|Lucknow Super Giants|Mumbai Indians|Punjab Kings|Rajasthan Royals|Royal Challengers Bangalore|Royal Challengers Bengaluru
CR Brathwaite,16,16,42.8,379,13,8.85,19.77,29.15,0,1,0,78,16,9,Chennai Super Kings|Delhi Capitals|Gujarat Lions|Kings XI Punjab|Kolkata Knight Riders|Rajasthan Royals|Rising Pune Supergiants|Royal Challengers Bangalore|Sunrisers Hyderabad
S Lamichhane,9,9,35.0,292,13,8.34,16.15,22.46,0,2,0,77,1,6,Chennai Super Kings|Kings XI Punjab|Kolkata Knight Riders|Mumbai Indians|Royal Challengers Bangalore|Sunrisers Hyderabad
ST Jayasuriya,21,21,49.0,390,13,7.96,22.62,30.0,0,1,1,86,15,7,Chennai Super Kings|Deccan Chargers|Delhi Daredevils|Kings XI Punjab|Kolkata Knight Riders|Rajasthan Royals|Royal Challengers Bangalore
GD McGrath,14,14,54.2,357,12,6.59,27.08,29.75,0,1,2,162,5,7,Chennai Super Kings|Deccan Chargers|Kings XI Punjab|Kolkata Knight Riders|Mumbai Indians|Rajasthan Royals|Royal Challengers Bangalore
Umar Gul,6,6,23.5,184,12,7.83,11.75,15.33,0,2,1,59,18,4,Deccan Chargers|Kings XI Punjab|Rajasthan Royals|Royal Challengers Bangalore
Ankit Sharma,21,21,61.2,450,12,7.36,30.58,37.5,0,0,0,139,14,9,Chennai Super Kings|Delhi Daredevils|Gujarat Lions|Kings XI Punjab|Kolkata Knight Riders|Mumbai Indians|Pune Warriors|Rajasthan Royals|Royal Challengers Bangalore
AN Ahmed,17,17,58.2,498,12,8.56,29.08,41.5,0,0,1,131,31,9,Chennai Super Kings|Deccan Chargers|Delhi Daredevils|Kings XI Punjab|Kolkata Knight Riders|Mumbai Indians|Pune Warriors|Royal Challengers Bangalore|Sunrisers Hyderabad
Joginder Sharma,15,15,43.8,419,12,9.56,21.92,34.92,0,0,0,73,17,7,Deccan Chargers|Delhi Daredevils|Kings XI Punjab|Kolkata Knight Riders|Mumbai Indians|Rajasthan Royals|Royal Challengers Bangalore
Karanveer Singh,9,9,34.0,321,12,9.44,17.0,26.75,0,2,0,66,9,6,Chennai Super Kings|Delhi Daredevils|Kolkata Knight Riders|Mumbai Indians|Rajasthan Royals|Royal Challengers Bangalore
R McLaren,18,18,59.5,542,12,9.11,29.75,45.17,0,0,0,128,22,8,Chennai Super Kings|Deccan Chargers|Kings XI Punjab|Kolkata Knight Riders|Mumbai Indians|Pune Warriors|Rajasthan Royals|Royal Challengers Bangalore
VRV Singh,18,18,60.7,542,12,8.93,30.33,45.17,0,1,0,121,11,7,Chennai Super Kings|Deccan Chargers|Delhi Daredevils|Kolkata Knight Riders|Mumbai Indians|Rajasthan Royals|Royal Challengers Bangalore
BA Bhatt,15,15,49.5,397,12,8.02,24.75,33.08,0,1,0,98,8,8,Chennai Super Kings|Deccan Chargers|Delhi Daredevils|Kochi Tuskers Kerala|Kolkata Knight Riders|Mumbai Indians|Pune Warriors|Rajasthan Royals
J Little,11,11,38.0,339,11,8.92,20.73,30.82,0,1,0,84,8,7,Chennai Super Kings|Delhi Capitals|Kolkata Knight Riders|Mumbai Indians|Punjab Kings|Rajasthan Royals|Royal Challengers Bengaluru
JL Pattinson,10,10,35.5,320,11,9.01,19.36,29.09,0,0,0,78,9,7,Chennai Super Kings|Delhi Capitals|Kings XI Punjab|Kolkata Knight Riders|Rajasthan Royals|Royal Challengers Bangalore|Sunrisers Hyderabad
LS Livingstone,22,22,43.0,393,11,9.14,23.45,35.73,0,1,0,72,9,10,Chennai Super Kings|Delhi Capitals|Gujarat Titans|Kolkata Knight Riders|Lucknow Super Giants|Mumbai Indians|Rajasthan Royals|Royal Challengers Bangalore|Royal Challengers Bengaluru|Sunrisers Hyderabad
RS Bopara,14,14,34.3,292,11,8.5,18.73,26.55,0,1,0,66,16,6,Chennai Super Kings|Delhi Daredevils|Kolkata Knight Riders|Mumbai Indians|Rajasthan Royals|Royal Challengers Bangalore
A Chandila,12,12,39.0,242,11,6.21,21.27,22.0,0,1,0,105,0,7,Chennai Super Kings|Deccan Chargers|Kings XI Punjab|Mumbai Indians|Pune Warriors|Royal Challengers Bangalore|Sunrisers Hyderabad
Abhishek Sharma,26,26,45.2,389,11,8.61,24.64,35.36,0,0,0,76,9,11,Chennai Super Kings|Delhi Capitals|Gujarat Titans|Kings XI Punjab|Kolkata Knight Riders|Lucknow Super Giants|Mumbai Indians|Punjab Kings|Rajasthan Royals|Royal Challengers Bangalore|Royal Challengers Bengaluru
CJ Anderson,22,22,49.5,518,11,10.46,27.0,47.09,0,0,0,86,21,10,Chennai Super Kings|Delhi Daredevils|Gujarat Lions|Kings XI Punjab|Kolkata Knight Riders|Mumbai Indians|Rajasthan Royals|Rising Pune Supergiant|Royal Challengers Bangalore|Sunrisers Hyderabad
SM Pollock,13,13,46.0,301,11,6.54,25.09,27.36,0,1,1,132,4,7,Chennai Super Kings|Deccan Chargers|Delhi Daredevils|Kings XI Punjab|Kolkata Knight Riders|Rajasthan Royals|Royal Challengers Bangalore
AB McDonald,10,10,31.0,261,11,8.42,16.91,23.73,0,0,0,52,2,7,Chennai Super Kings|Delhi Daredevils|Kings XI Punjab|Kolkata Knight Riders|Mumbai Indians|Rajasthan Royals|Royal Challengers Bangalore
J Theron,10,11,37.2,302,11,8.13,20.27,27.45,0,0,0,75,14,8,Chennai Super Kings|Deccan Chargers|Delhi Daredevils|Kings XI Punjab|Kolkata Knight Riders|Mumbai Indians|Pune Warriors|Rajasthan Royals
DJG Sammy,19,19,39.7,350,11,8.82,21.64,31.82,0,1,0,75,9,8,Chennai Super Kings|Delhi Daredevils|Kings XI Punjab|Kolkata Knight Riders|Mumbai Indians|Rajasthan Royals|Royal Challengers Bangalore|Sunrisers Hyderabad
MA Wood,5,5,20.2,179,11,8.88,11.0,16.27,1,2,1,54,7,5,Chennai Super Kings|Delhi Capitals|Mumbai Indians|Punjab Kings|Royal Challengers Bangalore
TS Mills,10,10,34.8,343,11,9.85,19.0,31.18,0,1,0,75,15,9,Delhi Capitals|Delhi Daredevils|Kings XI Punjab|Kolkata Knight Riders|Lucknow Super Giants|Mumbai Indians|Punjab Kings|Rajasthan Royals|Sunrisers Hyderabad
Pankaj Singh,17,17,50.2,468,11,9.33,27.36,42.55,0,0,1,115,15,8,Chennai Super Kings|Deccan Chargers|Delhi Daredevils|Kings XI Punjab|Kolkata Knight Riders|Mumbai Indians|Rajasthan Royals|Royal Challengers Bangalore
OC McCoy,8,8,27.2,249,11,9.17,14.82,22.64,0,1,0,51,18,7,Chennai Super Kings|Delhi Capitals|Gujarat Titans|Kolkata Knight Riders|Lucknow Super Giants|Royal Challengers Bangalore|Sunrisers Hyderabad
S Badree,12,12,43.0,319,11,7.42,23.45,29.0,0,1,1,114,10,8,Delhi Daredevils|Gujarat Lions|Kings XI Punjab|Kolkata Knight Riders|Mumbai Indians|Rajasthan Royals|Rising Pune Supergiant|Royal Challengers Bangalore
B Laughlin,9,9,28.2,282,10,10.01,16.9,28.2,0,0,0,44,11,6,Chennai Super Kings|Delhi Daredevils|Kolkata Knight Riders|Mumbai Indians|Royal Challengers Bangalore|Sunrisers Hyderabad
V Pratap Singh,9,9,34.0,296,10,8.71,20.4,29.6,0,0,0,75,7,8,Chennai Super Kings|Delhi Daredevils|Kings XI Punjab|Kolkata Knight Riders|Mumbai Indians|Pune Warriors|Rajasthan Royals|Royal Challengers Bangalore
BCJ Cutting,17,17,46.8,429,10,9.16,28.1,42.9,0,0,0,78,7,9,Chennai Super Kings|Delhi Capitals|Delhi Daredevils|Gujarat Lions|Kings XI Punjab|Kolkata Knight Riders|Mumbai Indians|Royal Challengers Bangalore|Sunrisers Hyderabad
N Rana,24,24,30.0,252,10,8.4,18.0,25.2,0,0,0,59,5,11,Chennai Super Kings|Delhi Capitals|Delhi Daredevils|Gujarat Titans|Kings XI Punjab|Lucknow Super Giants|Mumbai Indians|Punjab Kings|Rajasthan Royals|Royal Challengers Bangalore|Sunrisers Hyderabad
DJ Hooda,33,33,62.2,531,10,8.54,37.3,53.1,0,0,0,105,13,11,Chennai Super Kings|Delhi Capitals|Delhi Daredevils|Gujarat Lions|Gujarat Titans|Kings XI Punjab|Kolkata Knight Riders|Mumbai Indians|Rajasthan Royals|Royal Challengers Bangalore|Sunrisers Hyderabad
Lalit Yadav,19,19,48.2,425,10,8.82,28.9,42.5,0,0,0,86,6,8,Chennai Super Kings|Kolkata Knight Riders|Lucknow Super Giants|Mumbai Indians|Punjab Kings|Rajasthan Royals|Royal Challengers Bangalore|Sunrisers Hyderabad
K Kartikeya,12,12,39.0,329,10,8.44,23.4,32.9,0,0,0,74,8,7,Chennai Super Kings|Gujarat Titans|Kolkata Knight Riders|Punjab Kings|Rajasthan Royals|Royal Challengers Bangalore|Sunrisers Hyderabad
Suyash Sharma,13,13,43.2,372,10,8.62,25.9,37.2,0,1,0,88,6,9,Chennai Super Kings|Gujarat Titans|Lucknow Super Giants|Mumbai Indians|Punjab Kings|Rajasthan Royals|Royal Challengers Bangalore|Royal Challengers Bengaluru|Sunrisers Hyderabad
Kamran Khan,9,10,27.8,239,10,8.59,16.7,23.9,0,1,0,71,11,6,Chennai Super Kings|Delhi Daredevils|Kings XI Punjab|Kolkata Knight Riders|Mumbai Indians|Royal Challengers Bangalore
SC Ganguly,20,20,46.2,363,10,7.86,27.7,36.3,0,0,0,82,4,7,Deccan Chargers|Delhi Daredevils|Kings XI Punjab|Kolkata Knight Riders|Mumbai Indians|Rajasthan Royals|Royal Challengers Bangalore
KA Jamieson,9,9,28.5,269,9,9.44,19.0,29.89,0,1,0,70,11,7,Chennai Super Kings|Delhi Capitals|Kolkata Knight Riders|Mumbai Indians|Punjab Kings|Rajasthan Royals|Sunrisers Hyderabad
V Shankar,22,22,40.5,344,9,8.49,27.0,38.22,0,0,0,80,21,8,Chennai Super Kings|Delhi Capitals|Kolkata Knight Riders|Mumbai Indians|Punjab Kings|Rajasthan Royals|Royal Challengers Bangalore|Sunrisers Hyderabad
AG Murtaza,12,12,44.0,313,9,7.11,29.33,34.78,0,1,0,106,9,6,Delhi Daredevils|Kochi Tuskers Kerala|Kolkata Knight Riders|Pune Warriors|Rajasthan Royals|Royal Challengers Bangalore
SE Bond,8,8,31.0,224,9,7.23,20.67,24.89,0,0,1,76,6,5,Chennai Super Kings|Deccan Chargers|Kings XI Punjab|Mumbai Indians|Rajasthan Royals
Shahid Afridi,10,10,30.2,225,9,7.46,20.11,25.0,0,1,0,65,5,6,Chennai Super Kings|Delhi Daredevils|Kings XI Punjab|Mumbai Indians|Rajasthan Royals|Royal Challengers Bangalore
SMSM Senanayake,8,8,32.0,209,9,6.53,21.33,23.22,0,0,1,75,3,7,Chennai Super Kings|Kings XI Punjab|Mumbai Indians|Pune Warriors|Rajasthan Royals|Royal Challengers Bangalore|Sunrisers Hyderabad
KMA Paul,8,8,28.0,237,9,8.46,18.67,26.33,0,2,0,54,21,5,Chennai Super Kings|Kolkata Knight Riders|Mumbai Indians|Rajasthan Royals|Sunrisers Hyderabad
Rasikh Salam,11,11,32.8,339,9,10.32,21.89,37.67,0,2,0,58,12,8,Chennai Super Kings|Delhi Capitals|Gujarat Titans|Kolkata Knight Riders|Lucknow Super Giants|Mumbai Indians|Rajasthan Royals|Royal Challengers Bengaluru
Simarjeet Singh,10,10,30.2,259,9,8.59,20.11,28.78,0,1,0,85,17,8,Delhi Capitals|Gujarat Titans|Mumbai Indians|Punjab Kings|Rajasthan Royals|Royal Challengers Bangalore|Royal Challengers Bengaluru|Sunrisers Hyderabad
PVD Chameera,13,13,47.3,432,9,9.13,31.56,48.0,0,0,0,128,19,8,Chennai Super Kings|Delhi Capitals|Gujarat Titans|Kolkata Knight Riders|Mumbai Indians|Punjab Kings|Rajasthan Royals|Royal Challengers Bangalore
JDP Oram,14,14,39.7,349,9,8.8,26.44,38.78,0,1,0,86,7,8,Deccan Chargers|Delhi Daredevils|Kings XI Punjab|Kochi Tuskers Kerala|Kolkata Knight Riders|Mumbai Indians|Rajasthan Royals|Royal Challengers Bangalore
AM Nayar,19,19,38.2,322,9,8.44,25.44,35.78,0,1,0,70,11,7,Chennai Super Kings|Deccan Chargers|Delhi Daredevils|Kolkata Knight Riders|Pune Warriors|Rajasthan Royals|Royal Challengers Bangalore
BE Hendricks,7,7,25.2,235,9,9.34,16.78,26.11,0,1,0,55,11,7,Chennai Super Kings|Delhi Daredevils|Kolkata Knight Riders|Mumbai Indians|Rajasthan Royals|Royal Challengers Bangalore|Sunrisers Hyderabad
IS Sodhi,8,8,30.2,202,9,6.7,20.11,22.44,0,1,1,66,1,6,Chennai Super Kings|Delhi Capitals|Kings XI Punjab|Kolkata Knight Riders|Royal Challengers Bangalore|Sunrisers Hyderabad
P Parameswaran,8,8,25.8,224,9,8.67,17.22,24.89,0,1,0,66,5,6,Deccan Chargers|Delhi Daredevils|Kings XI Punjab|Kolkata Knight Riders|Rajasthan Royals|Royal Challengers Bangalore
KP Appanna,13,13,36.0,286,9,7.94,24.0,31.78,0,1,0,70,8,7,Deccan Chargers|Delhi Daredevils|Kings XI Punjab|Kolkata Knight Riders|Mumbai Indians|Pune Warriors|Rajasthan Royals
MN Samuels,11,11,35.7,284,9,7.96,23.78,31.56,0,1,0,80,6,8,Chennai Super Kings|Deccan Chargers|Gujarat Lions|Kings XI Punjab|Mumbai Indians|Rising Pune Supergiant|Royal Challengers Bangalore|Sunrisers Hyderabad
JEC Franklin,15,15,25.5,220,9,8.63,17.0,24.44,0,0,0,41,4,8,Chennai Super Kings|Deccan Chargers|Delhi Daredevils|Kings XI Punjab|Kolkata Knight Riders|Pune Warriors|Rajasthan Royals|Royal Challengers Bangalore
T Thushara,6,6,22.8,161,8,7.05,17.12,20.12,0,0,0,60,9,5,Deccan Chargers|Kings XI Punjab|Mumbai Indians|Rajasthan Royals|Royal Challengers Bangalore
JDS Neesham,13,13,36.0,334,8,9.28,27.0,41.75,0,1,0,68,6,9,Chennai Super Kings|Delhi Capitals|Gujarat Titans|Kings XI Punjab|Kolkata Knight Riders|Mumbai Indians|Rajasthan Royals|Royal Challengers Bangalore|Sunrisers Hyderabad
BAW Mendis,10,11,40.8,303,8,7.42,30.62,37.88,0,0,0,79,8,6,Chennai Super Kings|Delhi Daredevils|Kings XI Punjab|Mumbai Indians|Rajasthan Royals|Royal Challengers Bangalore
JD Ryder,16,16,39.3,303,8,7.7,29.5,37.88,0,0,1,84,6,9,Chennai Super Kings|Deccan Chargers|Delhi Daredevils|Kings XI Punjab|Kochi Tuskers Kerala|Kolkata Knight Riders|Mumbai Indians|Rajasthan Royals|Royal Challengers Bangalore
DJ Hussey,26,26,52.8,474,8,8.97,39.62,59.25,0,0,0,92,7,8,Chennai Super Kings|Deccan Chargers|Delhi Daredevils|Kings XI Punjab|Kolkata Knight Riders|Mumbai Indians|Rajasthan Royals|Royal Challengers Bangalore
I Udana,10,10,29.0,282,8,9.72,21.75,35.25,0,0,0,49,8,7,Chennai Super Kings|Delhi Capitals|Kings XI Punjab|Kolkata Knight Riders|Mumbai Indians|Rajasthan Royals|Sunrisers Hyderabad
SB Styris,11,11,36.0,276,8,7.67,27.0,34.5,0,1,0,85,6,6,Chennai Super Kings|Delhi Daredevils|Kings XI Punjab|Kolkata Knight Riders|Rajasthan Royals|Royal Challengers Bangalore
J Yadav,20,20,65.3,445,8,6.81,49.0,55.62,0,0,0,155,8,9,Chennai Super Kings|Delhi Capitals|Kings XI Punjab|Lucknow Super Giants|Punjab Kings|Rajasthan Royals|Rising Pune Supergiants|Royal Challengers Bangalore|Sunrisers Hyderabad
S Sandeep Warrier,10,10,28.3,253,8,8.93,21.25,31.62,0,1,0,75,8,6,Chennai Super Kings|Delhi Capitals|Kings XI Punjab|Mumbai Indians|Punjab Kings|Royal Challengers Bengaluru
N Thushara,7,7,26.3,257,8,9.76,19.75,32.12,0,2,0,51,18,5,Delhi Capitals|Kolkata Knight Riders|Lucknow Super Giants|Rajasthan Royals|Sunrisers Hyderabad
J Syed Mohammad,11,11,32.0,283,8,8.84,24.0,35.38,0,0,0,50,4,6,Chennai Super Kings|Deccan Chargers|Delhi Daredevils|Kolkata Knight Riders|Mumbai Indians|Pune Warriors
Mohammad Asif,8,8,32.2,296,8,9.2,24.12,37.0,0,0,0,71,7,6,Chennai Super Kings|Deccan Chargers|Kings XI Punjab|Mumbai Indians|Rajasthan Royals|Royal Challengers Bangalore
Anand Rajan,8,8,25.0,201,8,8.04,18.75,25.12,0,1,0,62,13,6,Delhi Daredevils|Kings XI Punjab|Kolkata Knight Riders|Mumbai Indians|Rajasthan Royals|Royal Challengers Bangalore
AA Chavan,13,13,41.3,326,8,7.89,31.0,40.75,0,0,0,110,8,6,Delhi Daredevils|Kings XI Punjab|Kochi Tuskers Kerala|Kolkata Knight Riders|Mumbai Indians|Pune Warriors
KC Cariappa,11,11,36.3,348,8,9.58,27.25,43.5,0,0,0,62,8,5,Delhi Daredevils|Gujarat Lions|Mumbai Indians|Royal Challengers Bangalore|Sunrisers Hyderabad
AM Salvi,7,7,25.0,200,7,8.0,21.43,28.57,0,0,0,61,10,6,Chennai Super Kings|Deccan Chargers|Kings XI Punjab|Mumbai Indians|Rajasthan Royals|Royal Challengers Bangalore
N Burger,5,5,17.0,145,7,8.53,14.57,20.71,0,0,0,50,7,5,Chennai Super Kings|Delhi Capitals|Lucknow Super Giants|Mumbai Indians|Royal Challengers Bengaluru
MP Yadav,4,4,12.3,85,7,6.89,10.57,12.14,0,2,0,42,3,4,Gujarat Titans|Mumbai Indians|Punjab Kings|Royal Challengers Bengaluru
M Ntini,9,9,35.3,242,7,6.85,30.29,34.57,0,1,2,108,4,6,Deccan Chargers|Delhi Daredevils|Kings XI Punjab|Kolkata Knight Riders|Rajasthan Royals|Royal Challengers Bangalore
Akash Deep,8,8,28.0,319,7,11.39,24.0,45.57,0,1,1,57,11,5,Chennai Super Kings|Kolkata Knight Riders|Mumbai Indians|Punjab Kings|Rajasthan Royals
GC Viljoen,6,6,23.0,222,7,9.65,19.71,31.71,0,0,0,47,12,4,Delhi Capitals|Kolkata Knight Riders|Mumbai Indians|Royal Challengers Bangalore
Swapnil Singh,14,14,27.2,241,7,8.87,23.29,34.43,0,0,0,39,3,9,Chennai Super Kings|Delhi Capitals|Gujarat Titans|Kolkata Knight Riders|Mumbai Indians|Punjab Kings|Rajasthan Royals|Rising Pune Supergiant|Sunrisers Hyderabad
AF Milne,10,10,34.7,327,7,9.43,29.71,46.71,0,0,0,77,14,7,Chennai Super Kings|Gujarat Lions|Kolkata Knight Riders|Mumbai Indians|Rising Pune Supergiant|Royal Challengers Bangalore|Sunrisers Hyderabad
B Stanlake,6,6,24.0,200,7,8.33,20.57,28.57,0,0,0,64,6,6,Chennai Super Kings|Delhi Daredevils|Kings XI Punjab|Kolkata Knight Riders|Mumbai Indians|Rajasthan Royals
KM Asif,7,7,22.5,230,7,10.22,19.29,32.86,0,0,0,47,11,6,Delhi Daredevils|Kolkata Knight Riders|Punjab Kings|Rajasthan Royals|Royal Challengers Bangalore|Sunrisers Hyderabad
PC Valthaty,10,10,25.2,205,7,8.15,21.57,29.29,0,1,0,46,6,7,Deccan Chargers|Delhi Daredevils|Kolkata Knight Riders|Mumbai Indians|Pune Warriors|Rajasthan Royals|Royal Challengers Bangalore
A Mithun,16,16,49.5,472,7,9.54,42.43,67.43,0,0,0,95,24,8,Chennai Super Kings|Deccan Chargers|Delhi Daredevils|Kings XI Punjab|Kochi Tuskers Kerala|Kolkata Knight Riders|Mumbai Indians|Pune Warriors
HF Gurney,8,8,27.2,238,7,8.76,23.29,34.0,0,0,0,51,7,6,Chennai Super Kings|Kings XI Punjab|Mumbai Indians|Rajasthan Royals|Royal Challengers Bangalore|Sunrisers Hyderabad
P Amarnath,6,6,22.0,236,7,10.73,18.86,33.71,0,0,0,34,0,5,Delhi Daredevils|Kings XI Punjab|Kolkata Knight Riders|Mumbai Indians|Royal Challengers Bangalore
KP Pietersen,13,13,29.0,215,7,7.41,24.86,30.71,0,0,0,57,10,7,Chennai Super Kings|Deccan Chargers|Delhi Daredevils|Kings XI Punjab|Kolkata Knight Riders|Mumbai Indians|Pune Warriors
Fazalhaq Farooqi,7,7,25.3,227,6,8.96,25.33,37.83,0,0,0,58,10,6,Gujarat Titans|Lucknow Super Giants|Mumbai Indians|Punjab Kings|Rajasthan Royals|Royal Challengers Bangalore
DJ Willey,11,11,36.0,272,6,7.56,36.0,45.33,0,0,1,84,5,7,Kolkata Knight Riders|Lucknow Super Giants|Mumbai Indians|Punjab Kings|Rajasthan Royals|Royal Challengers Bangalore|Sunrisers Hyderabad
SS Cottrell,6,6,20.0,176,6,8.8,20.0,29.33,0,0,1,59,15,6,Chennai Super Kings|Delhi Capitals|Mumbai Indians|Rajasthan Royals|Royal Challengers Bangalore|Sunrisers Hyderabad
Arshad Khan,9,9,22.3,280,6,12.54,22.33,46.67,0,1,0,46,22,6,Chennai Super Kings|Delhi Capitals|Mumbai Indians|Punjab Kings|Rajasthan Royals|Royal Challengers Bangalore
S Kaushik,10,10,34.2,297,6,8.69,34.17,49.5,0,1,0,72,6,6,Delhi Daredevils|Kings XI Punjab|Kolkata Knight Riders|Rising Pune Supergiants|Royal Challengers Bangalore|Sunrisers Hyderabad
MG Bracewell,5,5,11.0,95,6,8.64,11.0,15.83,0,0,0,26,0,5,Gujarat Titans|Kolkata Knight Riders|Mumbai Indians|Rajasthan Royals|Sunrisers Hyderabad
OF Smith,6,6,15.2,178,6,11.74,15.17,29.67,0,1,0,36,5,6,Chennai Super Kings|Gujarat Titans|Kolkata Knight Riders|Mumbai Indians|Royal Challengers Bangalore|Sunrisers Hyderabad
D Pretorius,7,7,25.0,238,6,9.52,25.0,39.67,0,0,0,46,16,5,Lucknow Super Giants|Mumbai Indians|Punjab Kings|Royal Challengers Bangalore|Sunrisers Hyderabad
DG Nalkande,6,6,14.2,148,6,10.45,14.17,24.67,0,0,0,24,5,4,Chennai Super Kings|Lucknow Super Giants|Punjab Kings|Sunrisers Hyderabad
Ramandeep Singh,4,4,6.7,63,6,9.45,6.67,10.5,0,1,0,13,5,4,Chennai Super Kings|Delhi Capitals|Punjab Kings|Sunrisers Hyderabad
C de Grandhomme,19,19,36.3,319,6,8.78,36.33,53.17,0,1,0,62,18,8,Chennai Super Kings|Delhi Daredevils|Kings XI Punjab|Mumbai Indians|Rajasthan Royals|Rising Pune Supergiant|Royal Challengers Bangalore|Sunrisers Hyderabad
V Sehwag,15,15,22.8,235,6,10.29,22.83,39.17,0,0,0,45,2,8,Chennai Super Kings|Deccan Chargers|Kings XI Punjab|Kolkata Knight Riders|Mumbai Indians|Pune Warriors|Rajasthan Royals|Royal Challengers Bangalore
JE Taylor,5,5,19.7,157,6,7.98,19.67,26.17,0,1,0,54,5,4,Chennai Super Kings|Mumbai Indians|Rajasthan Royals|Royal Challengers Bangalore
Y Venugopal Rao,20,20,36.0,337,6,9.36,36.0,56.17,0,0,0,60,8,9,Chennai Super Kings|Deccan Chargers|Delhi Daredevils|Kings XI Punjab|Kolkata Knight Riders|Mumbai Indians|Pune Warriors|Rajasthan Royals|Royal Challengers Bangalore
RR Raje,10,10,23.3,209,6,8.96,23.33,34.83,0,0,0,41,9,6,Chennai Super Kings|Deccan Chargers|Delhi Daredevils|Kings XI Punjab|Kolkata Knight Riders|Rajasthan Royals
TL Suman,11,11,25.3,197,6,7.78,25.33,32.83,0,0,0,44,2,6,Chennai Super Kings|Deccan Chargers|Kings XI Punjab|Kolkata Knight Riders|Mumbai Indians|Royal Challengers Bangalore
S Tyagi,14,14,35.3,295,6,8.35,35.33,49.17,0,0,0,99,11,7,Deccan Chargers|Delhi Daredevils|Kings XI Punjab|Kolkata Knight Riders|Mumbai Indians|Rajasthan Royals|Royal Challengers Bangalore
B Akhil,13,13,31.5,242,6,7.68,31.5,40.33,0,0,0,64,7,5,Chennai Super Kings|Deccan Chargers|Delhi Daredevils|Kolkata Knight Riders|Mumbai Indians
VS Malik,13,13,34.5,261,6,7.57,34.5,43.5,0,0,0,88,7,8,Chennai Super Kings|Deccan Chargers|Delhi Daredevils|Kings XI Punjab|Kolkata Knight Riders|Mumbai Indians|Royal Challengers Bangalore|Sunrisers Hyderabad
Jaskaran Singh,7,7,17.7,171,6,9.68,17.67,28.5,0,0,0,42,9,5,Chennai Super Kings|Kings XI Punjab|Kolkata Knight Riders|Mumbai Indians|Royal Challengers Bangalore
S Randiv,8,8,29.0,223,6,7.69,29.0,37.17,0,0,0,60,6,7,Deccan Chargers|Kings XI Punjab|Kolkata Knight Riders|Mumbai Indians|Pune Warriors|Rajasthan Royals|Royal Challengers Bangalore
Akash Singh,7,7,23.0,227,5,9.87,27.6,45.4,0,0,0,53,3,6,Chennai Super Kings|Kolkata Knight Riders|Punjab Kings|Rajasthan Royals|Royal Challengers Bangalore|Sunrisers Hyderabad
AS Roy,9,9,22.7,191,5,8.43,27.2,38.2,0,0,0,48,6,7,Chennai Super Kings|Delhi Capitals|Lucknow Super Giants|Punjab Kings|Rajasthan Royals|Royal Challengers Bengaluru|Sunrisers Hyderabad
HR Shokeen,13,13,34.3,314,5,9.15,41.2,62.8,0,0,0,82,13,8,Chennai Super Kings|Delhi Capitals|Kolkata Knight Riders|Lucknow Super Giants|Punjab Kings|Rajasthan Royals|Royal Challengers Bangalore|Sunrisers Hyderabad
KL Nagarkoti,11,11,30.0,285,5,9.5,36.0,57.0,0,0,0,52,5,7,Chennai Super Kings|Delhi Capitals|Kings XI Punjab|Mumbai Indians|Rajasthan Royals|Royal Challengers Bangalore|Sunrisers Hyderabad
Shoaib Ahmed,7,7,17.0,152,5,8.94,20.4,30.4,0,0,0,35,1,5,Chennai Super Kings|Delhi Daredevils|Kings XI Punjab|Mumbai Indians|Rajasthan Royals
RJW Topley,5,5,17.0,182,5,10.71,20.4,36.4,0,0,0,38,5,4,Lucknow Super Giants|Mumbai Indians|Rajasthan Royals|Sunrisers Hyderabad
S Narwal,6,6,17.7,202,5,11.43,21.2,40.4,0,1,0,38,7,5,Chennai Super Kings|Deccan Chargers|Delhi Daredevils|Rajasthan Royals|Royal Challengers Bangalore
TM Dilshan,25,25,45.2,366,5,8.1,54.2,73.2,0,0,0,81,5,11,Chennai Super Kings|Deccan Chargers|Delhi Daredevils|Kings XI Punjab|Kochi Tuskers Kerala|Kolkata Knight Riders|Mumbai Indians|Pune Warriors|Rajasthan Royals|Royal Challengers Bangalore|Sunrisers Hyderabad
PD Collingwood,6,6,14.8,101,5,6.81,17.8,20.2,0,0,0,24,1,5,Deccan Chargers|Kings XI Punjab|Kolkata Knight Riders|Mumbai Indians|Rajasthan Royals
Shoaib Akhtar,3,3,7.0,54,5,7.71,8.4,10.8,0,1,0,23,4,3,Chennai Super Kings|Delhi Daredevils|Mumbai Indians
A Choudhary,5,5,17.0,144,5,8.47,20.4,28.8,0,0,2,42,7,5,Gujarat Lions|Kings XI Punjab|Kolkata Knight Riders|Mumbai Indians|Sunrisers Hyderabad
O Thomas,4,4,10.3,79,5,7.65,12.4,15.8,0,0,0,22,3,4,Delhi Capitals|Kolkata Knight Riders|Royal Challengers Bangalore|Sunrisers Hyderabad
S Ladda,9,9,23.2,224,5,9.67,27.8,44.8,0,0,0,49,3,6,Chennai Super Kings|Deccan Chargers|Kings XI Punjab|Kochi Tuskers Kerala|Mumbai Indians|Rajasthan Royals
S Dube,14,14,18.7,180,5,9.64,22.4,36.0,0,0,0,26,5,9,Chennai Super Kings|Delhi Capitals|Kings XI Punjab|Kolkata Knight Riders|Lucknow Super Giants|Mumbai Indians|Punjab Kings|Rajasthan Royals|Sunrisers Hyderabad
KMDN Kulasekara,5,5,17.0,120,5,7.06,20.4,24.0,0,0,0,47,5,3,Kings XI Punjab|Pune Warriors|Rajasthan Royals
Gurkeerat Singh,6,6,13.0,97,5,7.46,15.6,19.4,0,0,0,26,4,5,Chennai Super Kings|Gujarat Lions|Kolkata Knight Riders|Rising Pune Supergiants|Sunrisers Hyderabad
M de Lange,5,5,18.3,169,5,9.22,22.0,33.8,0,1,1,41,12,3,Chennai Super Kings|Delhi Daredevils|Pune Warriors
RV Gomez,9,9,16.0,129,5,8.06,19.2,25.8,0,0,1,38,1,8,Chennai Super Kings|Deccan Chargers|Delhi Daredevils|Kings XI Punjab|Kolkata Knight Riders|Mumbai Indians|Rajasthan Royals|Royal Challengers Bangalore
R Shukla,7,7,20.5,208,5,10.15,24.6,41.6,0,0,0,44,10,6,Chennai Super Kings|Delhi Daredevils|Kolkata Knight Riders|Rajasthan Royals|Royal Challengers Bangalore|Sunrisers Hyderabad
SB Wagh,8,8,17.0,137,5,8.06,20.4,27.4,0,1,0,50,6,6,Chennai Super Kings|Deccan Chargers|Delhi Daredevils|Kings XI Punjab|Kochi Tuskers Kerala|Mumbai Indians
AP Dole,3,3,11.2,112,5,10.03,13.4,22.4,0,0,0,21,7,3,Deccan Chargers|Kings XI Punjab|Mumbai Indians
K Khejroliya,7,7,20.5,217,5,10.59,24.6,43.4,0,0,0,36,8,6,Chennai Super Kings|Delhi Capitals|Kings XI Punjab|Kolkata Knight Riders|Rajasthan Royals|Sunrisers Hyderabad
FH Edwards,6,6,23.5,154,5,6.55,28.2,30.8,0,0,1,75,10,6,Chennai Super Kings|Delhi Daredevils|Kolkata Knight Riders|Mumbai Indians|Rajasthan Royals|Royal Challengers Bangalore
DJ Muthuswami,6,6,14.0,101,4,7.21,21.0,25.25,0,0,0,47,0,6,Chennai Super Kings|Kings XI Punjab|Kolkata Knight Riders|Mumbai Indians|Royal Challengers Bangalore|Sunrisers Hyderabad
WA Mota,7,7,12.2,97,4,7.97,18.25,24.25,0,0,0,25,3,5,Chennai Super Kings|Deccan Chargers|Delhi Daredevils|Mumbai Indians|Rajasthan Royals
D du Preez,2,2,7.2,56,4,7.81,10.75,14.0,0,1,1,18,1,2,Mumbai Indians|Rajasthan Royals
R Shepherd,8,8,21.0,257,4,12.24,31.5,64.25,0,0,0,41,10,6,Chennai Super Kings|Delhi Capitals|Lucknow Super Giants|Punjab Kings|Rajasthan Royals|Royal Challengers Bengaluru
LE Plunkett,7,7,25.0,225,4,9.0,37.5,56.25,0,1,0,42,4,6,Chennai Super Kings|Kings XI Punjab|Kolkata Knight Riders|Mumbai Indians|Rajasthan Royals|Sunrisers Hyderabad
Y Nagar,8,8,11.7,125,4,10.71,17.5,31.25,0,0,0,16,8,5,Deccan Chargers|Kings XI Punjab|Kochi Tuskers Kerala|Pune Warriors|Royal Challengers Bangalore
Azmatullah Omarzai,7,7,21.0,186,4,8.86,31.5,46.5,0,0,0,57,5,6,Chennai Super Kings|Delhi Capitals|Mumbai Indians|Punjab Kings|Royal Challengers Bengaluru|Sunrisers Hyderabad
S Dhawan,6,6,8.0,66,4,8.25,12.0,16.5,0,0,0,20,1,5,Delhi Daredevils|Kings XI Punjab|Kolkata Knight Riders|Pune Warriors|Royal Challengers Bangalore
R Parag,21,21,29.2,307,4,10.53,43.75,76.75,0,0,0,36,7,9,Chennai Super Kings|Delhi Capitals|Gujarat Titans|Kolkata Knight Riders|Mumbai Indians|Punjab Kings|Royal Challengers Bangalore|Royal Challengers Bengaluru|Sunrisers Hyderabad
SB Bangar,9,9,25.0,219,4,8.76,37.5,54.75,0,0,0,57,7,7,Chennai Super Kings|Delhi Daredevils|Kings XI Punjab|Kolkata Knight Riders|Mumbai Indians|Rajasthan Royals|Royal Challengers Bangalore
V Kohli,26,26,42.8,368,4,8.59,64.25,92.0,0,0,0,55,14,9,Chennai Super Kings|Deccan Chargers|Delhi Daredevils|Gujarat Lions|Kings XI Punjab|Kochi Tuskers Kerala|Kolkata Knight Riders|Mumbai Indians|Rajasthan Royals
Yudhvir Singh,5,5,12.0,122,4,10.17,18.0,30.5,0,0,0,30,6,5,Delhi Capitals|Kolkata Knight Riders|Punjab Kings|Rajasthan Royals|Sunrisers Hyderabad
Parvez Rasool,11,11,33.0,271,4,8.21,49.5,67.75,0,0,0,62,3,7,Chennai Super Kings|Delhi Daredevils|Kolkata Knight Riders|Mumbai Indians|Rising Pune Supergiants|Royal Challengers Bangalore|Sunrisers Hyderabad
T Stubbs,3,3,4.0,29,4,7.25,6.0,7.25,0,0,0,9,1,3,Chennai Super Kings|Gujarat Titans|Lucknow Super Giants
SH Johnson,5,5,16.0,151,4,9.44,24.0,37.75,0,0,0,35,3,5,Chennai Super Kings|Delhi Capitals|Lucknow Super Giants|Mumbai Indians|Rajasthan Royals
DP Vijaykumar,9,9,25.7,199,4,7.75,38.5,49.75,0,0,0,69,7,7,Chennai Super Kings|Delhi Daredevils|Kings XI Punjab|Kolkata Knight Riders|Mumbai Indians|Rajasthan Royals|Royal Challengers Bangalore
Shivam Sharma,5,5,19.0,165,4,8.68,28.5,41.25,0,0,0,37,0,5,Delhi Daredevils|Mumbai Indians|Rajasthan Royals|Royal Challengers Bangalore|Sunrisers Hyderabad
AL Menaria,12,12,18.3,144,3,7.85,36.67,48.0,0,0,0,40,4,8,Chennai Super Kings|Deccan Chargers|Delhi Daredevils|Kings XI Punjab|Kolkata Knight Riders|Mumbai Indians|Pune Warriors|Royal Challengers Bangalore
JA Richardson,4,4,15.0,157,3,10.47,30.0,52.33,0,0,0,32,5,4,Chennai Super Kings|Delhi Capitals|Mumbai Indians|Rajasthan Royals
JW Hastings,3,3,9.8,66,3,6.71,19.67,22.0,0,0,1,31,3,3,Delhi Daredevils|Mumbai Indians|Sunrisers Hyderabad
R Sathish,14,14,23.2,232,3,10.01,46.33,77.33,0,0,0,31,5,9,Chennai Super Kings|Deccan Chargers|Kings XI Punjab|Kochi Tuskers Kerala|Kolkata Knight Riders|Mumbai Indians|Rajasthan Royals|Rising Pune Supergiants|Sunrisers Hyderabad
JM Kemp,5,5,7.3,54,3,7.36,14.67,18.0,0,1,0,18,3,4,Deccan Chargers|Delhi Daredevils|Kings XI Punjab|Kolkata Knight Riders
R Ninan,2,2,6.0,65,3,10.83,12.0,21.67,0,0,0,8,0,2,Chennai Super Kings|Deccan Chargers
JJ van der Wath,3,3,12.3,129,3,10.46,24.67,43.0,0,0,0,31,4,3,Chennai Super Kings|Deccan Chargers|Kings XI Punjab
SM Harwood,3,3,10.0,73,3,7.3,20.0,24.33,0,0,0,34,12,3,Chennai Super Kings|Deccan Chargers|Kings XI Punjab
L Ablish,3,3,7.0,75,3,10.71,14.0,25.0,0,0,0,11,3,3,Delhi Daredevils|Mumbai Indians|Royal Challengers Bangalore
T Shamsi,5,5,20.0,181,3,9.05,40.0,60.33,0,0,0,32,0,5,Delhi Capitals|Gujarat Lions|Kolkata Knight Riders|Rising Pune Supergiants|Sunrisers Hyderabad
RS Hangargekar,2,2,6.2,60,3,9.73,12.33,20.0,0,1,0,14,7,2,Gujarat Titans|Lucknow Super Giants
Arjun Tendulkar,5,5,12.3,114,3,9.24,24.67,38.0,0,0,0,33,10,5,Gujarat Titans|Kolkata Knight Riders|Lucknow Super Giants|Punjab Kings|Sunrisers Hyderabad
RJ Peterson,4,4,8.0,70,3,8.75,16.0,23.33,0,1,0,21,0,4,Chennai Super Kings|Deccan Chargers|Delhi Daredevils|Kings XI Punjab
P Sahu,5,5,17.5,146,3,8.34,35.0,48.67,0,0,0,27,2,5,Delhi Daredevils|Gujarat Lions|Kolkata Knight Riders|Mumbai Indians|Rising Pune Supergiants
DJ Thornely,4,4,7.0,40,3,5.71,14.0,13.33,0,0,0,19,2,4,Chennai Super Kings|Deccan Chargers|Delhi Daredevils|Kolkata Knight Riders
DAJ Bracewell,1,1,4.0,32,3,8.0,8.0,10.67,0,1,0,10,1,1,Royal Challengers Bangalore
Nithish Kumar Reddy,9,9,18.5,207,3,11.19,37.0,69.0,0,0,0,30,9,7,Chennai Super Kings|Delhi Capitals|Kolkata Knight Riders|Mumbai Indians|Punjab Kings|Rajasthan Royals|Royal Challengers Bangalore
Sikandar Raza,7,7,14.2,140,3,9.88,28.33,46.67,0,0,0,23,7,6,Chennai Super Kings|Delhi Capitals|Gujarat Titans|Kolkata Knight Riders|Lucknow Super Giants|Rajasthan Royals
K Santokie,2,2,8.0,90,3,11.25,16.0,30.0,0,0,0,16,3,2,Kings XI Punjab|Rajasthan Royals
Gagandeep Singh,4,4,14.0,141,3,10.07,28.0,47.0,0,0,0,26,0,3,Deccan Chargers|Kolkata Knight Riders|Royal Challengers Bangalore
VR Iyer,9,9,13.7,143,3,10.46,27.33,47.67,0,0,0,17,3,5,Chennai Super Kings|Delhi Capitals|Mumbai Indians|Punjab Kings|Royal Challengers Bangalore
GHS Garton,5,5,15.3,135,3,8.8,30.67,45.0,0,0,0,32,7,5,Delhi Capitals|Kolkata Knight Riders|Punjab Kings|Rajasthan Royals|Sunrisers Hyderabad
WG Jacks,5,5,9.0,100,2,11.11,27.0,50.0,0,0,0,11,2,4,Delhi Capitals|Mumbai Indians|Punjab Kings|Sunrisers Hyderabad
A Kamboj,3,3,10.3,114,2,11.03,31.0,57.0,0,0,0,20,8,3,Kolkata Knight Riders|Lucknow Super Giants|Sunrisers Hyderabad
V Kaverappa,1,1,4.0,36,2,9.0,12.0,18.0,0,0,0,11,0,1,Royal Challengers Bengaluru
Mayank Dagar,8,8,22.8,203,2,8.89,68.5,101.5,0,0,0,44,5,7,Chennai Super Kings|Kolkata Knight Riders|Lucknow Super Giants|Mumbai Indians|Punjab Kings|Rajasthan Royals|Royal Challengers Bangalore
KA Maharaj,2,2,6.0,39,2,6.5,18.0,19.5,0,0,0,11,0,2,Gujarat Titans|Punjab Kings
AK Markram,14,14,20.3,172,2,8.46,61.0,86.0,0,0,0,33,2,8,Chennai Super Kings|Delhi Capitals|Gujarat Titans|Kolkata Knight Riders|Lucknow Super Giants|Mumbai Indians|Rajasthan Royals|Royal Challengers Bangalore
Shoaib Malik,5,5,8.7,85,2,9.81,26.0,42.5,0,0,0,17,8,4,Chennai Super Kings|Kings XI Punjab|Mumbai Indians|Royal Challengers Bangalore
GD Phillips,4,4,5.0,40,2,8.0,15.0,20.0,0,0,0,10,1,4,Chennai Super Kings|Kolkata Knight Riders|Lucknow Super Giants|Royal Challengers Bangalore
PH Solanki,2,2,6.0,38,2,6.33,18.0,19.0,0,0,0,12,0,2,Gujarat Titans|Rajasthan Royals
A Badoni,5,5,4.2,36,2,8.64,12.5,18.0,0,0,0,6,0,4,Mumbai Indians|Punjab Kings|Rajasthan Royals|Sunrisers Hyderabad
SC Kuggeleijn,2,2,8.0,71,2,8.88,24.0,35.5,0,0,0,17,2,2,Kings XI Punjab|Kolkata Knight Riders
SD Chitnis,2,2,6.0,60,2,10.0,18.0,30.0,0,0,0,11,6,2,Deccan Chargers|Kings XI Punjab
A Uniyal,2,2,6.0,66,2,11.0,18.0,33.0,0,0,0,9,2,2,Delhi Daredevils|Mumbai Indians
C Nanda,3,3,8.0,57,2,7.12,24.0,28.5,0,0,0,14,2,3,Chennai Super Kings|Rajasthan Royals|Royal Challengers Bangalore
AU Rashid,3,3,10.0,91,2,9.1,30.0,45.5,0,0,0,20,0,2,Lucknow Super Giants|Rajasthan Royals
DNT Zoysa,3,3,11.3,99,2,8.74,34.0,49.5,0,0,0,25,3,2,Kings XI Punjab|Mumbai Indians
K Yadav,3,3,9.0,84,2,9.33,27.0,42.0,0,0,0,14,0,3,Chennai Super Kings|Mumbai Indians|Sunrisers Hyderabad
FA Allen,4,4,15.0,136,2,9.07,45.0,68.0,0,0,1,26,1,4,Kolkata Knight Riders|Lucknow Super Giants|Mumbai Indians|Sunrisers Hyderabad
A Flintoff,3,3,11.0,105,2,9.55,33.0,52.5,0,0,0,21,0,3,Delhi Daredevils|Mumbai Indians|Royal Challengers Bangalore
Abdul Samad,5,5,9.0,113,2,12.56,27.0,56.5,0,0,0,11,5,5,Chennai Super Kings|Kings XI Punjab|Lucknow Super Giants|Mumbai Indians|Punjab Kings
MJ Henry,6,6,17.0,181,2,10.65,51.0,90.5,0,0,0,33,3,4,Chennai Super Kings|Kolkata Knight Riders|Mumbai Indians|Rajasthan Royals
TM Head,6,6,9.7,113,2,11.69,29.0,56.5,0,0,0,9,0,4,Delhi Daredevils|Gujarat Lions|Kolkata Knight Riders|Sunrisers Hyderabad
MA Khote,2,2,5.0,51,2,10.2,15.0,25.5,0,0,0,6,0,2,Chennai Super Kings|Kings XI Punjab
P Suyal,5,5,16.7,151,2,9.06,50.0,75.5,0,0,0,39,11,4,Chennai Super Kings|Kings XI Punjab|Rajasthan Royals|Royal Challengers Bangalore
D Kalyankrishna,3,3,8.0,87,2,10.88,24.0,43.5,0,0,0,11,2,3,Kings XI Punjab|Mumbai Indians|Rajasthan Royals
JPR Scantlebury-Searles,3,3,7.0,89,2,12.71,21.0,44.5,0,0,0,7,3,3,Kings XI Punjab|Rajasthan Royals|Sunrisers Hyderabad
RN ten Doeschate,10,10,13.0,94,2,7.23,39.0,47.0,0,0,0,22,6,6,Deccan Chargers|Kings XI Punjab|Pune Warriors|Rajasthan Royals|Royal Challengers Bangalore|Sunrisers Hyderabad
Mohammad Hafeez,4,4,10.2,68,2,6.69,30.5,34.0,0,0,0,25,7,4,Chennai Super Kings|Deccan Chargers|Kings XI Punjab|Mumbai Indians
KJ Abbott,5,5,16.2,177,2,10.95,48.5,88.5,0,0,0,30,7,4,Kolkata Knight Riders|Rising Pune Supergiants|Royal Challengers Bangalore|Sunrisers Hyderabad
LJ Wright,6,6,11.8,124,2,10.48,35.5,62.0,0,0,0,15,4,5,Chennai Super Kings|Delhi Daredevils|Kings XI Punjab|Kolkata Knight Riders|Royal Challengers Bangalore
Ankit Soni,6,6,18.2,144,2,7.93,54.5,72.0,0,0,0,38,3,6,Delhi Daredevils|Kings XI Punjab|Mumbai Indians|Rising Pune Supergiant|Royal Challengers Bangalore|Sunrisers Hyderabad
MJ Clarke,5,5,11.0,67,2,6.09,33.0,33.5,0,0,0,24,0,4,Kolkata Knight Riders|Mumbai Indians|Rajasthan Royals|Royal Challengers Bangalore
ND Doshi,4,4,9.3,79,2,8.46,28.0,39.5,0,0,0,24,1,4,Chennai Super Kings|Deccan Chargers|Kochi Tuskers Kerala|Kolkata Knight Riders
SM Boland,2,2,7.0,54,2,7.71,21.0,27.0,0,0,0,15,1,2,Delhi Daredevils|Mumbai Indians
Sachin Baby,2,2,1.7,8,2,4.8,5.0,4.0,0,0,0,5,0,2,Gujarat Lions|Kings XI Punjab
T Henderson,2,2,6.0,40,1,6.67,36.0,40.0,0,0,0,15,0,2,Kolkata Knight Riders|Royal Challengers Bangalore
GR Napier,1,1,4.0,27,1,6.75,24.0,27.0,0,0,0,9,0,1,Kolkata Knight Riders
PM Sarvesh Kumar,2,2,5.0,42,1,8.4,30.0,42.0,0,0,0,11,1,2,Chennai Super Kings|Delhi Daredevils
NB Singh,2,2,4.0,15,1,3.75,24.0,15.0,0,0,0,16,1,2,Kings XI Punjab|Royal Challengers Bangalore
AM Rahane,1,1,1.0,5,1,5.0,6.0,5.0,0,0,0,2,0,1,Kings XI Punjab
IC Porel,1,1,4.0,39,1,9.75,24.0,39.0,0,0,0,10,2,1,Rajasthan Royals
SS Agarwal,1,1,4.0,42,1,10.5,24.0,42.0,0,0,0,7,0,1,Kings XI Punjab
SS Sarkar,2,2,4.2,34,1,8.16,25.0,34.0,0,0,0,4,0,2,Delhi Daredevils|Rajasthan Royals
LA Carseldine,1,1,1.0,6,1,6.0,6.0,6.0,0,0,0,4,1,1,Royal Challengers Bangalore
SS Mundhe,1,1,1.0,6,1,6.0,6.0,6.0,0,0,0,4,1,1,Delhi Daredevils
TP Sudhindra,3,3,11.8,136,1,11.49,71.0,136.0,0,0,0,19,4,3,Chennai Super Kings|Delhi Daredevils|Kings XI Punjab
AJ Hosein,1,1,4.0,40,1,10.0,24.0,40.0,0,0,0,6,0,1,Delhi Capitals
R Powell,2,2,3.2,35,1,11.05,19.0,35.0,0,0,0,4,3,2,Kolkata Knight Riders|Rajasthan Royals
D Brevis,1,1,0.5,8,1,16.0,3.0,8.0,0,0,0,1,0,1,Royal Challengers Bangalore
MK Tiwary,6,6,7.0,83,1,11.86,42.0,83.0,0,0,0,9,5,6,Chennai Super Kings|Kings XI Punjab|Mumbai Indians|Rajasthan Royals|Royal Challengers Bangalore|Sunrisers Hyderabad
S Vidyut,1,1,2.0,22,1,11.0,12.0,22.0,0,0,0,5,1,1,Rajasthan Royals
A Nel,1,1,3.0,31,1,10.33,18.0,31.0,0,0,0,7,0,1,Delhi Daredevils
AC Gilchrist,1,1,0.2,0,1,0.0,1.0,0.0,0,0,0,1,0,1,Mumbai Indians
Shashank Singh,3,3,3.0,25,1,8.33,18.0,25.0,0,0,0,2,1,3,Chennai Super Kings|Kolkata Knight Riders|Sunrisers Hyderabad
AJ Finch,5,5,7.2,67,1,9.35,43.0,67.0,0,0,0,13,1,4,Chennai Super Kings|Kolkata Knight Riders|Mumbai Indians|Royal Challengers Bangalore
BMAJ Mendis,2,2,5.0,36,1,7.2,30.0,36.0,0,0,0,11,0,2,Mumbai Indians|Sunrisers Hyderabad
CJ McKay,2,2,7.0,60,1,8.57,42.0,60.0,0,0,0,14,0,2,Delhi Daredevils|Kings XI Punjab
DJ Mitchell,4,4,8.0,97,1,12.12,48.0,97.0,0,0,0,5,3,3,Gujarat Titans|Mumbai Indians|Royal Challengers Bangalore
SSB Magala,2,2,6.0,51,1,8.5,36.0,51.0,0,0,0,6,1,2,Mumbai Indians|Rajasthan Royals
D Jansen,1,1,4.0,53,1,13.25,24.0,53.0,0,0,0,6,4,1,Kolkata Knight Riders
GH Vihari,6,6,7.0,47,1,6.71,42.0,47.0,0,0,0,18,1,3,Kings XI Punjab|Kolkata Knight Riders|Royal Challengers Bangalore
SE Rutherford,6,6,6.8,59,1,8.63,41.0,59.0,0,0,0,8,5,5,Chennai Super Kings|Kings XI Punjab|Rajasthan Royals|Royal Challengers Bangalore|Sunrisers Hyderabad
CL White,6,6,7.0,86,1,12.29,42.0,86.0,0,0,0,8,5,5,Delhi Daredevils|Kolkata Knight Riders|Mumbai Indians|Pune Warriors|Royal Challengers Bangalore
LB Williams,2,2,6.3,71,1,11.21,38.0,71.0,0,0,0,14,10,2,Kolkata Knight Riders|Mumbai Indians
SB Joshi,4,4,9.2,82,1,8.95,55.0,82.0,0,0,0,18,0,4,Delhi Daredevils|Kolkata Knight Riders|Mumbai Indians|Rajasthan Royals
AA Noffke,1,1,4.0,40,1,10.0,24.0,40.0,0,0,0,7,5,1,Kolkata Knight Riders
LMP Simmons,1,1,3.0,34,1,11.33,18.0,34.0,0,0,0,2,0,1,Kolkata Knight Riders
B Geeves,2,2,8.0,91,1,11.38,48.0,91.0,0,0,0,15,1,2,Mumbai Indians|Rajasthan Royals
MK Lomror,11,11,15.0,127,1,8.47,90.0,127.0,0,0,0,22,4,7,Delhi Capitals|Gujarat Titans|Kings XI Punjab|Lucknow Super Giants|Punjab Kings|Royal Challengers Bangalore|Sunrisers Hyderabad
GS Sandhu,2,2,8.0,82,1,10.25,48.0,82.0,0,0,0,10,0,2,Chennai Super Kings|Rajasthan Royals
M Siddharth,3,3,9.5,70,1,7.37,57.0,70.0,0,0,0,23,4,3,Gujarat Titans|Punjab Kings|Royal Challengers Bengaluru
Y Prithvi Raj,2,2,5.0,57,1,11.4,30.0,57.0,0,0,0,8,3,2,Rajasthan Royals|Sunrisers Hyderabad
KT Maphaka,2,2,6.0,89,1,14.83,36.0,89.0,0,0,0,12,3,2,Rajasthan Royals|Sunrisers Hyderabad
P Dubey,4,4,11.0,91,1,8.27,66.0,91.0,0,0,0,20,1,3,Mumbai Indians|Punjab Kings|Sunrisers Hyderabad
RJ Gleeson,2,2,8.0,71,1,8.88,48.0,71.0,0,0,0,20,4,1,Punjab Kings
RG More,2,2,5.8,59,1,10.11,35.0,59.0,0,0,0,5,2,2,Kolkata Knight Riders|Sunrisers Hyderabad
AA Jhunjhunwala,10,10,14.2,129,1,9.11,85.0,129.0,0,0,0,28,3,5,Chennai Super Kings|Deccan Chargers|Delhi Daredevils|Kings XI Punjab|Mumbai Indians
DJM Short,2,2,3.0,19,1,6.33,18.0,19.0,0,0,0,8,0,2,Royal Challengers Bangalore|Sunrisers Hyderabad
L Wood,2,2,6.2,93,1,15.08,37.0,93.0,0,0,0,9,2,2,Delhi Capitals|Gujarat Titans
SA Abbott,3,3,9.0,104,1,11.56,54.0,104.0,0,0,0,13,5,3,Delhi Capitals|Kolkata Knight Riders|Sunrisers Hyderabad
LI Meriwala,1,1,3.2,32,1,10.11,19.0,32.0,0,0,0,6,1,1,Punjab Kings
V Viyaskanth,3,3,10.0,86,1,8.6,60.0,86.0,0,0,0,19,0,3,Kolkata Knight Riders|Lucknow Super Giants|Punjab Kings
DB Ravi Teja,2,2,3.0,28,1,9.33,18.0,28.0,0,0,0,4,0,2,Kolkata Knight Riders|Royal Challengers Bangalore
D Salunkhe,5,5,8.0,78,1,9.75,48.0,78.0,0,0,0,15,8,4,Chennai Super Kings|Deccan Chargers|Delhi Daredevils|Kings XI Punjab
Mohit Rathee,1,1,2.0,29,0,14.5,0.0,0.0,0,0,0,3,0,1,Sunrisers Hyderabad
CK Kapugedera,3,3,2.8,49,0,17.29,0.0,0.0,0,0,0,0,0,3,Delhi Daredevils|Kings XI Punjab|Mumbai Indians
M Shahrukh Khan,2,2,2.0,15,0,7.5,0.0,0.0,0,0,0,4,0,2,Delhi Capitals|Punjab Kings
MW Short,3,3,4.0,25,0,6.25,0.0,0.0,0,0,0,11,1,3,Gujarat Titans|Lucknow Super Giants|Mumbai Indians
Gulbadin Naib,1,1,1.0,12,0,12.0,0.0,0.0,0,0,0,1,0,1,Lucknow Super Giants
N Wadhera,1,1,2.0,13,0,6.5,0.0,0.0,0,0,0,2,0,1,Lucknow Super Giants
MJ Suthar,1,1,2.0,26,0,13.0,0.0,0.0,0,0,0,4,0,1,Royal Challengers Bengaluru
Abdur Razzak,1,1,2.2,29,0,13.38,0.0,0.0,0,0,0,5,6,1,Rajasthan Royals
LPC Silva,1,1,1.0,21,0,21.0,0.0,0.0,0,0,0,0,0,1,Royal Challengers Bangalore
R Ravindra,2,2,2.0,7,0,3.5,0.0,0.0,0,0,0,5,0,2,Kolkata Knight Riders|Sunrisers Hyderabad
Arshad Khan (2),1,1,2.0,24,0,12.0,0.0,0.0,0,0,0,5,2,1,Kolkata Knight Riders
M Vijay,4,4,6.0,49,0,8.17,0.0,0.0,0,0,0,8,1,3,Chennai Super Kings|Mumbai Indians|Sunrisers Hyderabad
H Sharma,2,2,5.0,57,0,11.4,0.0,0.0,0,0,0,4,0,2,Gujarat Titans|Rajasthan Royals
Sunny Gupta,1,1,3.0,47,0,15.67,0.0,0.0,0,0,0,0,2,1,Chennai Super Kings
SZ Mulani,2,2,5.0,57,0,11.4,0.0,0.0,0,0,0,7,3,2,Gujarat Titans|Sunrisers Hyderabad
JE Root,1,1,2.0,14,0,7.0,0.0,0.0,0,0,0,2,0,1,Kolkata Knight Riders
Naman Dhir,3,3,4.7,55,0,11.79,0.0,0.0,0,0,0,3,1,3,Gujarat Titans|Kolkata Knight Riders|Lucknow Super Giants
Vivrant Sharma,2,2,3.2,37,0,11.68,0.0,0.0,0,0,0,5,3,2,Mumbai Indians|Rajasthan Royals
C Munro,2,2,2.0,15,0,7.5,0.0,0.0,0,0,0,5,0,2,Delhi Daredevils|Sunrisers Hyderabad
S Joseph,1,1,4.5,47,0,10.44,0.0,0.0,0,0,0,12,10,1,Kolkata Knight Riders
SA Yadav,1,1,1.0,8,0,8.0,0.0,0.0,0,0,0,2,0,1,Delhi Daredevils
R Goyal,1,1,4.0,33,0,8.25,0.0,0.0,0,0,0,7,0,1,Chennai Super Kings
MG Neser,1,1,4.2,62,0,14.88,0.0,0.0,0,0,0,5,1,1,Royal Challengers Bangalore
Gurnoor Brar,1,1,3.3,42,0,12.6,0.0,0.0,0,0,0,7,3,1,Lucknow Super Giants
BJ Rohrer,1,1,1.0,12,0,12.0,0.0,0.0,0,0,0,1,1,1,Rajasthan Royals
Sumit Kumar,2,2,3.3,38,0,11.4,0.0,0.0,0,0,0,4,2,2,Kolkata Knight Riders|Punjab Kings
S Sriram,2,2,3.0,49,0,16.33,0.0,0.0,0,0,0,2,0,2,Kings XI Punjab|Kolkata Knight Riders
RR Bhatkal,1,1,2.0,35,0,17.5,0.0,0.0,0,0,0,0,0,1,Chennai Super Kings
NA Saini,1,1,2.5,34,0,13.6,0.0,0.0,0,0,0,3,3,1,Sunrisers Hyderabad
KAJ Roach,2,2,8.2,80,0,9.8,0.0,0.0,0,0,0,20,4,2,Kolkata Knight Riders|Mumbai Indians
RA Shaikh,1,1,1.0,11,0,11.0,0.0,0.0,0,0,0,1,0,1,Delhi Daredevils
B Chipli,1,1,1.0,20,0,20.0,0.0,0.0,0,0,0,1,0,1,Delhi Daredevils
A Dananjaya,1,1,4.0,47,0,11.75,0.0,0.0,0,0,0,6,1,1,Delhi Daredevils
Monu Kumar,1,1,2.2,20,0,9.23,0.0,0.0,0,0,0,4,4,1,Royal Challengers Bangalore
CJ Green,1,1,2.8,24,0,8.47,0.0,0.0,0,0,0,6,0,1,Mumbai Indians
DA Warner,1,1,0.2,2,0,12.0,0.0,0.0,0,0,0,0,1,1,Delhi Capitals
I Malhotra,1,1,1.0,23,0,23.0,0.0,0.0,0,0,0,0,0,1,Delhi Daredevils
RS Gavaskar,1,1,1.0,8,0,8.0,0.0,0.0,0,0,0,2,0,1,Royal Challengers Bangalore
NL McCullum,2,2,5.0,34,0,6.8,0.0,0.0,0,0,0,11,0,2,Chennai Super Kings|Rajasthan Royals
AC Voges,7,7,9.0,76,0,8.44,0.0,0.0,0,0,0,15,2,6,Chennai Super Kings|Deccan Chargers|Delhi Daredevils|Kings XI Punjab|Kolkata Knight Riders|Royal Challengers Bangalore
CJ Dala,1,1,3.0,34,0,11.33,0.0,0.0,0,0,0,7,1,1,Royal Challengers Bangalore
AA Kazi,1,1,2.0,21,0,10.5,0.0,0.0,0,0,0,2,1,1,Rajasthan Royals
C Ganapathy,1,1,1.0,13,0,13.0,0.0,0.0,0,0,0,1,0,1,Royal Challengers Bangalore
NJ Rimmington,1,1,3.0,19,0,6.33,0.0,0.0,0,0,0,10,0,1,Pune Warriors
M Manhas,3,3,7.0,42,0,6.0,0.0,0.0,0,0,0,15,0,3,Deccan Chargers|Kings XI Punjab|Royal Challengers Bangalore
MB Parmar,1,1,3.0,33,0,11.0,0.0,0.0,0,0,0,4,1,1,Deccan Chargers
AUK Pathan,3,3,6.5,63,0,9.69,0.0,0.0,0,0,0,9,6,3,Kings XI Punjab|Kochi Tuskers Kerala|Mumbai Indians
SN Khan,1,1,0.3,6,0,18.0,0.0,0.0,0,0,0,0,0,1,Royal Challengers Bangalore
Mandeep Singh,2,2,2.0,26,0,13.0,0.0,0.0,0,0,0,1,0,2,Kolkata Knight Riders|Rajasthan Royals
S Midhun,1,1,2.0,27,0,13.5,0.0,0.0,0,0,0,4,1,1,Kolkata Knight Riders
FY Fazal,2,2,2.0,20,0,10.0,0.0,0.0,0,0,0,1,0,2,Kings XI Punjab|Kolkata Knight Riders
P Ray Barman,1,1,4.0,56,0,14.0,0.0,0.0,0,0,0,2,0,1,Sunrisers Hyderabad
Jalaj S Saxena,1,1,3.0,27,0,9.0,0.0,0.0,0,0,0,5,0,1,Delhi Capitals
P Prasanth,1,1,1.0,18,0,18.0,0.0,0.0,0,0,0,3,0,1,Rajasthan Royals
KR Mayers,6,6,7.3,59,0,8.05,0.0,0.0,0,0,0,14,4,5,Chennai Super Kings|Delhi Capitals|Gujarat Titans|Punjab Kings|Sunrisers Hyderabad
Tejas Baroka,1,1,3.5,33,0,9.43,0.0,0.0,0,0,0,6,0,1,Sunrisers Hyderabad
K Upadhyay,3,3,9.0,81,0,9.0,0.0,0.0,0,0,0,20,2,3,Kolkata Knight Riders|Rajasthan Royals|Royal Challengers Bangalore
SPD Smith,1,1,0.3,5,0,15.0,0.0,0.0,0,0,0,0,0,1,Rajasthan Royals
R Sanjay Yadav,1,1,2.0,23,0,11.5,0.0,0.0,0,0,0,6,2,1,Sunrisers Hyderabad
KS Williamson,2,2,3.0,31,0,10.33,0.0,0.0,0,0,0,2,0,2,Kolkata Knight Riders|Mumbai Indians
LRPL Taylor,2,2,2.0,24,0,12.0,0.0,0.0,0,0,0,0,1,2,Chennai Super Kings|Royal Challengers Bangalore
SS Iyer,1,1,1.0,7,0,7.0,0.0,0.0,0,0,0,4,0,1,Delhi Capitals
RR Bose,1,1,2.0,24,0,12.0,0.0,0.0,0,0,0,5,0,1,Royal Challengers Bangalore
K Goel,6,6,11.0,93,0,8.45,0.0,0.0,0,0,0,20,1,3,Chennai Super Kings|Mumbai Indians|Rajasthan Royals
Aman Hakim Khan,1,1,1.0,13,0,13.0,0.0,0.0,0,0,0,1,0,1,Sunrisers Hyderabad
SR Tendulkar,4,4,6.0,58,0,9.67,0.0,0.0,0,0,0,5,1,4,Delhi Daredevils|Kings XI Punjab|Kolkata Knight Riders|Royal Challengers Bangalore
F du Plessis,1,1,1.0,16,0,16.0,0.0,0.0,0,0,0,0,0,1,Deccan Chargers
Mashrafe Mortaza,1,1,4.3,58,0,13.38,0.0,0.0,0,0,0,7,4,1,Deccan Chargers
Tilak Varma,4,4,3.7,28,0,7.64,0.0,0.0,0,0,0,8,1,4,Delhi Capitals|Kolkata Knight Riders|Lucknow Super Giants|Rajasthan Royals
YBK Jaiswal,1,1,0.2,6,0,36.0,0.0,0.0,0,0,0,0,0,1,Royal Challengers Bangalore
AS Raut,5,5,5.0,44,0,8.8,0.0,0.0,0,0,0,7,0,4,Deccan Chargers|Delhi Daredevils|Kings XI Punjab|Royal Challengers Bangalore
DJ Harris,2,2,3.0,26,0,8.67,0.0,0.0,0,0,0,4,0,2,Chennai Super Kings|Kings XI Punjab
RW Price,1,1,3.0,33,0,11.0,0.0,0.0,0,0,0,1,0,1,Kolkata Knight Riders
VS Yeligati,2,2,5.0,59,0,11.8,0.0,0.0,0,0,0,8,6,2,Chennai Super Kings|Kings XI Punjab
RV Patel,1,1,3.0,22,0,7.33,0.0,0.0,0,0,0,5,2,1,Royal Challengers Bangalore
RA Tripathi,1,1,1.0,12,0,12.0,0.0,0.0,0,0,0,0,0,1,Kolkata Knight Riders
S Rana,3,3,2.7,18,0,6.75,0.0,0.0,0,0,0,5,0,2,Chennai Super Kings|Kolkata Knight Riders
Y Gnaneswara Rao,1,1,1.0,7,0,7.0,0.0,0.0,0,0,0,3,0,1,Rajasthan Royals
Atharva Taide,1,1,0.2,4,0,24.0,0.0,0.0,0,0,0,0,0,1,Sunrisers Hyderabad
